{
  "uuid": "9725d297-89d7-4e46-8450-edb3dd1560bf",
  "starterPrompted": true,
  "starterLocked": false,
  "starterSelected": true,
  "starterUUID": "902e7ffd-0d30-4b39-bec6-2e83e0072c64",
  "keyItems": [],
  "extraData": {},
  "advancementData": {
    "totalCaptureCount": 8,
    "totalEggsHatched": 0,
    "totalEvolvedCount": 1,
    "totalBattleVictoryCount": 36,
    "totalPvPBattleVictoryCount": 0,
    "totalPvWBattleVictoryCount": 36,
    "totalPvNBattleVictoryCount": 0,
    "totalShinyCaptureCount": 0,
    "totalTradedCount": 1,
    "totalTypeCaptureCounts": {
      "psychic": 3,
      "fire": 1,
      "normal": 1,
      "electric": 1,
      "fairy": 1,
      "water": 1,
      "flying": 1,
      "steel": 1
    },
    "totalDefeatedCounts": {
      "cobblemon:buneary": 1,
      "cobblemon:lechonk": 2,
      "cobblemon:zubat": 1,
      "cobblemon:kakuna": 1,
      "cobblemon:butterfree": 1,
      "cobblemon:pidgey": 3,
      "cobblemon:oddish": 1,
      "cobblemon:cutiefly": 2,
      "cobblemon:pidgeotto": 1,
      "cobblemon:weedle": 1,
      "cobblemon:bunnelby": 3,
      "cobblemon:teddiursa": 1,
      "cobblemon:caterpie": 3,
      "cobblemon:jigglypuff": 1,
      "cobblemon:zigzagoon": 2,
      "cobblemon:dubwool": 1,
      "cobblemon:tranquill": 1,
      "cobblemon:starly": 1,
      "cobblemon:taillow": 1,
      "cobblemon:shroomish": 1,
      "cobblemon:fletchinder": 1
    },
    "aspectsCollected": {}
  }
}