{
  "uuid": "9725d297-89d7-4e46-8450-edb3dd1560bf",
  "starterPrompted": true,
  "starterLocked": false,
  "starterSelected": true,
  "starterUUID": "902e7ffd-0d30-4b39-bec6-2e83e0072c64",
  "keyItems": [],
  "extraData": {},
  "advancementData": {
    "totalCaptureCount": 12,
    "totalEggsHatched": 0,
    "totalEvolvedCount": 1,
    "totalBattleVictoryCount": 77,
    "totalPvPBattleVictoryCount": 1,
    "totalPvWBattleVictoryCount": 76,
    "totalPvNBattleVictoryCount": 0,
    "totalShinyCaptureCount": 0,
    "totalTradedCount": 2,
    "totalTypeCaptureCounts": {
      "psychic": 3,
      "fire": 2,
      "normal": 1,
      "electric": 1,
      "fairy": 1,
      "water": 2,
      "flying": 1,
      "steel": 1,
      "grass": 1,
      "poison": 1,
      "ice": 1,
      "fighting": 1,
      "ghost": 1
    },
    "totalDefeatedCounts": {
      "cobblemon:buneary": 3,
      "cobblemon:lechonk": 4,
      "cobblemon:zubat": 1,
      "cobblemon:kakuna": 1,
      "cobblemon:butterfree": 3,
      "cobblemon:pidgey": 4,
      "cobblemon:oddish": 1,
      "cobblemon:cutiefly": 4,
      "cobblemon:pidgeotto": 1,
      "cobblemon:weedle": 1,
      "cobblemon:bunnelby": 5,
      "cobblemon:teddiursa": 2,
      "cobblemon:caterpie": 3,
      "cobblemon:jigglypuff": 1,
      "cobblemon:zigzagoon": 2,
      "cobblemon:dubwool": 1,
      "cobblemon:tranquill": 1,
      "cobblemon:starly": 1,
      "cobblemon:taillow": 2,
      "cobblemon:shroomish": 1,
      "cobblemon:fletchinder": 1,
      "cobblemon:wooloo": 3,
      "cobblemon:geodude": 3,
      "cobblemon:igglybuff": 2,
      "cobblemon:diggersby": 1,
      "cobblemon:ninjask": 4,
      "cobblemon:seedot": 1,
      "cobblemon:combee": 2,
      "cobblemon:rookidee": 1,
      "cobblemon:mankey": 1,
      "cobblemon:lickitung": 1,
      "cobblemon:linoone": 2,
      "cobblemon:patrat": 1,
      "cobblemon:natu": 1
    },
    "aspectsCollected": {}
  }
}