{
  "uuid": "d3469474-dc7f-49a1-9b7f-4bc893d87232",
  "starterPrompted": true,
  "starterLocked": false,
  "starterSelected": true,
  "starterUUID": "bcaefaa8-bdd4-4ca7-8ceb-17048c01a8fb",
  "keyItems": [],
  "extraData": {},
  "advancementData": {
    "totalCaptureCount": 9,
    "totalEggsHatched": 0,
    "totalEvolvedCount": 3,
    "totalBattleVictoryCount": 5,
    "totalPvPBattleVictoryCount": 1,
    "totalPvWBattleVictoryCount": 4,
    "totalPvNBattleVictoryCount": 0,
    "totalShinyCaptureCount": 1,
    "totalTradedCount": 0,
    "totalTypeCaptureCounts": {
      "normal": 2,
      "grass": 2,
      "electric": 1,
      "flying": 1,
      "ground": 1,
      "fire": 1,
      "ghost": 1,
      "bug": 1,
      "water": 1
    },
    "totalDefeatedCounts": {},
    "aspectsCollected": {}
  }
}