{"stats":{"minecraft:used":{"minecraft:iron_shovel":2430,"minecraft:chest":22,"minecraft:shield":247,"minecraft:iron_sword":1141,"vampirism:hunter_axe_enhanced":2,"minecraft:mutton":10,"rechiseled:cobbled_deepslate_squares_connecting":1,"minecraft:carrot":1,"minecraft:snowball":15,"rechiseled:stone_slated":98,"rechiseled:oak_planks_small_bricks_connecting":79,"minecraft:bow":3,"minecraft:furnace":4,"minecraft:oak_planks":37,"minecraft:stone_pickaxe":518,"occultism:datura_seeds":2,"minecraft:ender_pearl":1,"minecraft:wooden_pickaxe":195,"toughasnails:water_canteen":457,"rechiseled:stone_cobbled":6,"minecraft:blast_furnace":1,"minecraft:shears":49,"rechiseled:spruce_planks_rotated_bricks_connecting":516,"rechiseled:cobbled_deepslate_brick_paving":63,"rechiseled:spruce_planks_mosaic":331,"rechiseled:stone_small_bricks":5,"minecraft:melon_slice":25,"minecraft:string":1,"minecraft:bread":128,"tombstone:grave_key":2,"minecraft:wooden_sword":109,"minecraft:smithing_table":2,"minecraft:andesite":23,"minecraft:golden_pickaxe":1,"sophisticatedstorage:limited_barrel_1":2,"minecraft:air":1,"sophisticatedstorage:limited_barrel_2":3,"minecraft:stone_sword":35,"toughasnails:water_purifier":1,"minecraft:redstone":2,"minecraft:spruce_planks":13,"minecraft:wooden_shovel":53,"travelersbackpack:bat":3,"minecraft:orange_bed":2,"minecraft:torch":1047,"minecraft:dirt":1732,"rechiseled:stone_diagonal_bricks_connecting":23,"toughasnails:empty_canteen":37,"minecraft:spruce_stairs":33,"minecraft:granite":1,"minecraft:iron_hoe":105,"minecraft:wooden_axe":139,"minecraft:chipped_anvil":1,"minecraft:iron_axe":1161,"connectedglass:borderless_glass":128,"rechiseled:cobbled_deepslate_pillar_connecting":3,"minecraft:barrel":1,"minecraft:raw_copper_block":1,"minecraft:beef":3,"tombstone:gift":14,"minecraft:cooked_beef":20,"rechiseled:stone_small_bricks_connecting":993,"minecraft:cobbled_deepslate":130,"minecraft:cherry_fence":41,"minecraft:cooked_mutton":23,"minecraft:water_bucket":120,"minecraft:cobblestone_stairs":82,"minecraft:glass_bottle":4,"minecraft:crafting_table":16,"toughasnails:rain_collector":2,"minecraft:white_bed":3,"minecraft:spruce_log":2,"justhammers:iron_hammer":619,"minecraft:oak_log":3,"minecraft:diamond_pickaxe":483,"rechiseled:spruce_planks_tiles":6,"minecraft:chicken":1,"minecraft:iron_pickaxe":1252,"minecraft:spruce_sapling":25,"rechiseled:cobbled_deepslate_brick_paving_connecting":844,"minecraft:green_carpet":2,"minecraft:stone_axe":144,"enchantinginfuser:enchanting_infuser":2,"minecraft:cobblestone":207,"minecraft:potion":1,"travelersbackpack:standard":21,"toughasnails:purified_water_bottle":1,"minecraft:bucket":129,"rechiseled:cherry_planks_small_bricks_connecting":76},"minecraft:mined":{"minecraft:large_amethyst_bud":1,"minecraft:spruce_planks":15,"minecraft:white_bed":2,"connectedglass:borderless_glass":1,"botania:red_mystical_flower":9,"minecraft:cherry_log":110,"minecraft:cobblestone_stairs":2,"cobblemon:apricorn_log":30,"minecraft:brewing_stand":2,"minecraft:obsidian":13,"minecraft:granite":7,"minecraft:budding_amethyst":1,"minecraft:acacia_log":7,"minecraft:grass_block":957,"minecraft:coal_block":7,"cobblemon:coba_berry":3,"vampirism:hunter_table":1,"botania:light_gray_mystical_flower":6,"minecraft:gilded_blackstone":49,"minecraft:spawner":4,"minecraft:magma_block":2,"botania:purple_mystical_flower":10,"minecraft:iron_ore":156,"minecraft:barrel":1,"minecraft:cobbled_deepslate":28,"rechiseled:stone_small_bricks_connecting":165,"minecraft:pumpkin":9,"minecraft:anvil":1,"minecraft:deepslate_lapis_ore":14,"vampirism:tent":1,"minecraft:azure_bluet":3,"cobblemon:medicinal_leek":4,"rechiseled:cobbled_deepslate_brick_paving_connecting":31,"minecraft:pointed_dripstone":2,"cobblemon:deepslate_sun_stone_ore":1,"minecraft:dirt_path":2,"cobblemon:white_apricorn":4,"minecraft:green_carpet":2,"rechiseled:spruce_planks_mosaic":139,"botania:light_blue_mystical_flower":7,"minecraft:tripwire":1,"minecraft:orange_bed":2,"minecraft:deepslate_redstone_ore":8,"minecraft:blue_wall_banner":1,"botania:orange_mystical_flower":6,"rechiseled:cherry_planks_small_bricks_connecting":72,"minecraft:amethyst_cluster":40,"cobblemon:apricorn_leaves":1,"minecraft:torch":54,"minecraft:blast_furnace":2,"minecraft:poppy":1,"minecraft:calcite":11,"minecraft:melon":17,"minecraft:chest":4,"minecraft:cobblestone":68,"botania:blue_mystical_flower":3,"minecraft:oak_planks":21,"minecraft:sugar_cane":5,"botania:blue_double_flower":1,"minecraft:wall_torch":87,"rechiseled:cobbled_deepslate_squares_connecting":1,"minecraft:amethyst_block":20,"minecraft:pink_petals":264,"vampirism:alchemy_table":1,"minecraft:cherry_fence":2,"minecraft:mud":1,"minecraft:wheat":1,"minecraft:grass":232,"minecraft:oak_log":200,"minecraft:sand":262,"minecraft:dirt":779,"minecraft:smooth_basalt":2,"minecraft:raw_copper_block":2,"minecraft:netherrack":15,"minecraft:deepslate":187,"minecraft:oak_leaves":68,"rechiseled:stone_slated":29,"minecraft:crying_obsidian":8,"minecraft:diamond_ore":1,"minecraft:tuff":14,"minecraft:red_carpet":2,"minecraft:mossy_cobblestone":1,"minecraft:deepslate_diamond_ore":37,"minecraft:candle":1,"enchantinginfuser:enchanting_infuser":2,"farmersdelight:wild_carrots":8,"toughasnails:rain_collector":2,"cobblemon:cheri_berry":3,"minecraft:chiseled_bookshelf":1,"minecraft:redstone_wire":2,"cobblemon:chesto_berry":9,"rechiseled:spruce_planks_rotated_bricks_connecting":47,"minecraft:spruce_leaves":17,"minecraft:sandstone":55,"farmersdelight:wild_onions":11,"minecraft:hay_block":107,"minecraft:redstone_ore":9,"botania:magenta_mystical_flower":7,"vampirism:potion_table":1,"minecraft:spruce_sapling":1,"minecraft:polished_basalt":1,"minecraft:snow":427,"cobblemon:deepslate_shiny_stone_ore":1,"cobblemon:black_apricorn":1,"minecraft:andesite":49,"rechiseled:spruce_planks_tiles":4,"minecraft:cobblestone_slab":1,"minecraft:deepslate_iron_ore":36,"minecraft:rail":2,"rechiseled:stone_cobbled":6,"sophisticatedstorage:limited_barrel_1":1,"cobblemon:green_apricorn":1,"minecraft:stone":718,"ad_astra:sky_stone":2,"minecraft:smithing_table":1,"minecraft:podzol":2,"botania:lime_mystical_flower":1,"minecraft:acacia_leaves":3,"rechiseled:oak_planks_small_bricks_connecting":17,"jeg:scrap_ore":1,"toughasnails:water_purifier":1,"minecraft:snow_block":2,"rechiseled:cobbled_deepslate_brick_paving":1,"minecraft:dandelion":3,"travelersbackpack:standard":5,"minecraft:oak_fence":2,"minecraft:crafting_table":6,"minecraft:cornflower":2,"botania:yellow_double_flower":2,"vampirism:alchemical_cauldron":1,"cobblemon:wepear_berry":3,"minecraft:copper_ore":9,"minecraft:tall_grass":11,"minecraft:deepslate_coal_ore":4,"sophisticatedstorage:limited_barrel_2":3,"minecraft:lapis_ore":13,"minecraft:deepslate_gold_ore":10,"cobblemon:oran_berry":8,"minecraft:diorite":21,"botania:pink_mystical_flower":2,"minecraft:spruce_stairs":2,"botania:cyan_mystical_flower":2,"minecraft:coarse_dirt":1,"minecraft:ice":42,"minecraft:birch_leaves":7,"minecraft:white_carpet":2,"minecraft:spruce_log":426,"vampirism:garlic":2,"botania:yellow_mystical_flower":3,"minecraft:coal_ore":477,"minecraft:cherry_leaves":1,"minecraft:sunflower":1,"minecraft:gravel":81,"minecraft:dripstone_block":17,"botania:gray_mystical_flower":4,"minecraft:cobweb":99,"cobblemon:sun_stone_ore":1,"minecraft:gold_ore":12,"minecraft:chipped_anvil":1,"minecraft:fern":1,"rechiseled:cobbled_deepslate_pillar_connecting":3},"minecraft:picked_up":{"minecraft:anvil":1,"minecraft:smithing_table":1,"minecraft:lead":3,"cobblemon:red_apricorn":2,"minecraft:enchanted_book":3,"minecraft:gilded_blackstone":44,"minecraft:brewing_stand":2,"minecraft:amethyst_block":20,"cobblemon:wepear_berry":19,"minecraft:string":114,"minecraft:raw_copper":58,"minecraft:gold_nugget":21,"minecraft:cobbled_deepslate":4912,"cobblemon:white_apricorn_seed":1,"minecraft:spruce_planks":15,"cobblemon:oran_berry":31,"minecraft:cobblestone_slab":1,"minecraft:calcite":10,"minecraft:wooden_shovel":1,"minecraft:iron_pickaxe":3,"minecraft:melon_slice":104,"minecraft:coal_block":93,"farmersdelight:cabbage_seeds":4,"minecraft:stick":131,"cobblemon:apricorn_log":30,"minecraft:oak_fence":2,"minecraft:torch":256,"minecraft:acacia_log":7,"minecraft:spruce_stairs":2,"minecraft:porkchop":36,"vampirism:alchemical_cauldron":1,"vampirism:alchemy_table":1,"minecraft:cherry_log":106,"vampirism:vampire_fang":3,"minecraft:pointed_dripstone":24,"tombstone:grave_dust":18,"minecraft:diorite":44,"rechiseled:cobbled_deepslate_brick_paving_connecting":316,"botania:white_mystical_flower":2,"minecraft:orange_bed":3,"vampirism:hunter_table":1,"vampirism:blood_bottle":4,"minecraft:rotten_flesh":52,"farmersdelight:onion":10,"minecraft:polished_basalt":1,"botania:blue_double_flower":1,"minecraft:obsidian":13,"cobblemon:verdant_ball":12,"minecraft:snowball":403,"minecraft:cobblestone":1761,"rechiseled:spruce_planks_rotated_bricks_connecting":47,"occultism:datura_seeds":8,"minecraft:pink_petals":904,"minecraft:leather_chestplate":2,"minecraft:magma_block":16,"vampirism:vampire_book":1,"minecraft:feather":16,"cobblemon:ultra_ball":13,"minecraft:water_bucket":1,"minecraft:andesite":74,"minecraft:brown_wool":2,"minecraft:acacia_leaves":2,"minecraft:potato":1,"rechiseled:spruce_planks_tiles":4,"paraglider:spirit_orb":8,"minecraft:flint":10,"minecraft:tuff":90,"minecraft:cherry_fence":2,"jeg:scrap":3,"minecraft:lapis_lazuli":281,"minecraft:dirt":1748,"minecraft:bone":34,"minecraft:chipped_anvil":1,"rechiseled:stone_small_bricks_connecting":164,"botania:cyan_mystical_flower":2,"minecraft:wheat_seeds":53,"minecraft:bow":2,"botania:pink_mystical_flower":2,"cobblemon:black_apricorn":3,"minecraft:raw_gold":30,"vampirism:item_garlic":3,"rechiseled:spruce_planks_mosaic":139,"minecraft:rabbit":4,"minecraft:oak_planks":44,"vampirism:potion_table":1,"rechiseled:cobbled_deepslate_brick_paving":63,"cobblemon:sun_stone":2,"botania:red_mystical_flower":3,"sophisticatedstorage:limited_barrel_2":3,"vampirism:ring":1,"cobblemon:shiny_stone":1,"minecraft:sand":509,"vampirism:crucifix_normal":2,"minecraft:barrel":1,"minecraft:mossy_cobblestone":1,"minecraft:bundle":1,"minecraft:iron_hoe":2,"toughasnails:water_purifier":1,"toughasnails:water_canteen":1,"minecraft:diamond":43,"vampirism:oil_bottle":1,"cobblemon:poke_ball":31,"enchantinginfuser:enchanting_infuser":2,"minecraft:crossbow":1,"minecraft:granite":6,"minecraft:charcoal":3,"minecraft:bread":28,"minecraft:blue_banner":1,"minecraft:oak_sapling":56,"cobblemon:medicinal_leek":7,"cobblemon:chesto_berry":47,"minecraft:netherrack":70,"minecraft:oak_leaves":46,"minecraft:mud":1,"minecraft:crafting_table":6,"minecraft:coarse_dirt":1,"minecraft:allium":12,"minecraft:azure_bluet":3,"minecraft:splash_potion":1,"minecraft:chicken":11,"naturalist:venison":2,"cobblemon:yellow_apricorn":2,"rechiseled:stone_cobbled":6,"minecraft:wooden_pickaxe":6,"minecraft:gold_block":1,"ad_astra:sky_stone":12,"immersive_armors:warrior_boots":1,"minecraft:iron_axe":4,"cobblemon:white_apricorn":11,"minecraft:item_frame":1,"minecraft:white_carpet":3,"minecraft:iron_shovel":5,"rechiseled:stone_slated":29,"minecraft:candle":3,"cobblemon:green_apricorn":10,"minecraft:beef":60,"rechiseled:cobbled_deepslate_squares_connecting":1,"minecraft:poppy":1,"minecraft:light_gray_wool":3,"minecraft:sugar_cane":22,"minecraft:chest":4,"cobblemon:green_apricorn_seed":1,"minecraft:raw_copper_block":6,"minecraft:egg":4,"toughasnails:rain_collector":2,"minecraft:raw_iron":291,"minecraft:sandstone":55,"naturalist:duck":6,"rotten_flesh_to_leather:sodium":7,"sophisticatedstorage:limited_barrel_1":2,"minecraft:carrot":8,"minecraft:redstone":132,"minecraft:arrow":29,"minecraft:hay_block":104,"botania:blue_mystical_flower":1,"minecraft:saddle":1,"minecraft:mutton":52,"minecraft:white_wool":30,"rechiseled:cobbled_deepslate_pillar_connecting":3,"minecraft:rail":2,"minecraft:air":0,"vampirism:vampire_blood_bottle":2,"minecraft:basalt":5,"vampirism:item_tent":1,"minecraft:glow_ink_sac":8,"minecraft:leather":48,"rechiseled:cherry_planks_small_bricks_connecting":72,"minecraft:oak_log":188,"minecraft:gunpowder":2,"minecraft:cobblestone_stairs":2,"tombstone:gift":4,"minecraft:white_banner":1,"minecraft:cooked_mutton":1,"immersive_armors:warrior_leggings":1,"minecraft:apple":7,"minecraft:rabbit_hide":2,"cobblemon:coba_berry":13,"minecraft:iron_sword":2,"minecraft:acacia_sapling":3,"minecraft:book":4,"cobblemon:azure_ball":7,"minecraft:smooth_basalt":2,"minecraft:pumpkin":9,"minecraft:sweet_berries":1,"minecraft:dandelion":4,"minecraft:dripstone_block":23,"minecraft:raw_iron_block":7,"minecraft:gravel":76,"cobblemon:cheri_berry":4,"minecraft:amethyst_shard":158,"minecraft:spruce_sapling":88,"minecraft:blast_furnace":2,"minecraft:white_bed":2,"minecraft:spruce_log":423,"minecraft:crying_obsidian":8,"minecraft:green_carpet":2,"minecraft:spider_eye":7,"minecraft:leather_helmet":2,"travelersbackpack:standard":5,"minecraft:slime_ball":6,"minecraft:cherry_sapling":88,"minecraft:gray_wool":1,"tombstone:magic_scroll":1,"rechiseled:oak_planks_small_bricks_connecting":17,"minecraft:black_wool":2,"minecraft:coal":573,"minecraft:sunflower":1,"minecraft:ender_pearl":3},"minecraft:custom":{"minecraft:interact_with_crafting_table":123,"minecraft:open_barrel":17,"minecraft:leave_game":44,"minecraft:time_since_death":94363,"minecraft:sprint_one_cm":2061977,"minecraft:damage_blocked_by_shield":12486,"minecraft:drop":192,"minecraft:talked_to_villager":2,"minecraft:play_time":1325598,"minecraft:deaths":31,"minecraft:jump":12344,"minecraft:walk_on_water_one_cm":257352,"minecraft:interact_with_furnace":130,"minecraft:sleep_in_bed":57,"tombstone:sneak_grave":1,"minecraft:damage_dealt":41283,"minecraft:player_kills":1,"minecraft:crouch_one_cm":169325,"tombstone:undead_killed":81,"minecraft:interact_with_smithing_table":8,"minecraft:horse_one_cm":1255746,"minecraft:mob_kills":232,"minecraft:damage_dealt_resisted":494,"minecraft:climb_one_cm":9324,"minecraft:walk_one_cm":2724152,"minecraft:sneak_time":44934,"minecraft:walk_under_water_one_cm":74643,"minecraft:total_world_time":1325598,"tombstone:raider_killed":2,"vampirism:interact_with_garlic_diffuser":1,"minecraft:time_since_rest":6180,"minecraft:damage_taken":15408,"minecraft:swim_one_cm":123274,"minecraft:fly_one_cm":2129175,"minecraft:open_chest":595,"minecraft:fall_one_cm":283332},"minecraft:crafted":{"minecraft:oak_planks":404,"minecraft:barrel":2,"cobblemon:apricorn_planks":8,"minecraft:stone":769,"minecraft:cobblestone_stairs":80,"toughasnails:leaf_leggings":2,"connectedglass:borderless_glass":128,"minecraft:cooked_mutton":22,"minecraft:glass":301,"minecraft:iron_boots":2,"minecraft:chest":20,"toughasnails:leaf_helmet":2,"toughasnails:wool_chestplate":1,"minecraft:cherry_fence":60,"minecraft:raw_iron_block":7,"minecraft:glass_bottle":6,"minecraft:oak_slab":12,"toughasnails:leaf_boots":2,"minecraft:deepslate":5,"minecraft:wooden_shovel":1,"travelersbackpack:iron_tier_upgrade":1,"toughasnails:rain_collector":1,"enchantinginfuser:enchanting_infuser":1,"minecraft:crafting_table":8,"minecraft:spruce_planks":24,"travelersbackpack:standard":3,"minecraft:wooden_pickaxe":7,"minecraft:iron_helmet":2,"minecraft:smithing_table":1,"travelersbackpack:blue_sleeping_bag":1,"rechiseled:chisel":1,"minecraft:iron_chestplate":2,"minecraft:diamond_pickaxe":1,"minecraft:charcoal":11,"toughasnails:water_purifier":1,"minecraft:shield":6,"minecraft:stick":124,"minecraft:iron_ingot":188,"minecraft:iron_pickaxe":5,"minecraft:stone_sword":1,"minecraft:snow_block":62,"minecraft:gold_ingot":22,"minecraft:redstone_torch":2,"minecraft:shears":2,"toughasnails:empty_canteen":3,"minecraft:wooden_sword":4,"minecraft:furnace":4,"botania:blue_petal":4,"minecraft:raw_copper_block":1,"travelersbackpack:blank_upgrade":4,"travelersbackpack:gold_tier_upgrade":1,"sophisticatedstorage:limited_barrel_2":1,"minecraft:spruce_stairs":32,"minecraft:iron_axe":4,"minecraft:iron_hoe":1,"botania:flower_bag":1,"minecraft:stone_pickaxe":4,"modonomicon:modonomicon":1,"minecraft:wheat":216,"minecraft:cooked_beef":33,"minecraft:coal_block":11,"toughasnails:leaf_chestplate":2,"minecraft:enchanting_table":1,"travelersbackpack:backpack_tank":4,"minecraft:iron_sword":4,"minecraft:bucket":1,"minecraft:stone_axe":1,"minecraft:bread":72,"minecraft:air":0,"minecraft:blue_dye":2,"justhammers:iron_hammer":10,"minecraft:white_wool":6,"sophisticatedstorage:limited_barrel_1":1,"minecraft:wooden_axe":3,"minecraft:blue_wool":2,"minecraft:iron_shovel":11,"minecraft:iron_leggings":2,"minecraft:white_bed":1,"minecraft:acacia_planks":28,"minecraft:torch":144},"minecraft:dropped":{"minecraft:golden_pickaxe":1,"minecraft:glass_bottle":1,"minecraft:leather":7,"minecraft:leather_helmet":2,"minecraft:dirt":36,"cobblemon:green_apricorn":6,"minecraft:wooden_sword":1,"minecraft:iron_pickaxe":1,"minecraft:white_wool":5,"minecraft:bone":1,"minecraft:gravel":1,"minecraft:cobbled_deepslate":1307,"minecraft:pointed_dripstone":2,"minecraft:rotten_flesh":10,"minecraft:oak_planks":13,"minecraft:leather_chestplate":3,"minecraft:gunpowder":6,"minecraft:acacia_sapling":2,"minecraft:arrow":1,"minecraft:water_bucket":1,"minecraft:enchanted_book":1,"minecraft:iron_ingot":37,"toughasnails:water_canteen":3,"minecraft:wheat_seeds":34,"minecraft:dripstone_block":2,"minecraft:feather":1,"minecraft:cobblestone":23,"sophisticatedstorage:limited_barrel_1":1,"minecraft:stick":6,"minecraft:diorite":33,"minecraft:torch":25,"minecraft:wooden_axe":1,"minecraft:melon_slice":20,"minecraft:brown_wool":2,"toughasnails:leaf_boots":1,"toughasnails:leaf_helmet":1,"minecraft:mud":1,"toughasnails:leaf_leggings":1,"minecraft:pink_petals":5,"minecraft:dandelion":2,"toughasnails:leaf_chestplate":2,"minecraft:raw_copper":16,"minecraft:light_gray_wool":3,"minecraft:cobblestone_slab":1,"minecraft:andesite":40,"minecraft:oak_sapling":35,"minecraft:barrel":1,"minecraft:spruce_log":2,"minecraft:slime_ball":2,"minecraft:wooden_pickaxe":9},"minecraft:broken":{"minecraft:iron_shovel":9,"toughasnails:leaf_boots":1,"minecraft:iron_boots":1,"minecraft:iron_chestplate":1,"minecraft:iron_leggings":1,"minecraft:stone_pickaxe":3,"minecraft:stone_axe":1,"minecraft:iron_sword":2,"minecraft:wooden_axe":1,"justhammers:iron_hammer":1,"toughasnails:water_canteen":34,"minecraft:shield":3,"minecraft:iron_axe":2,"minecraft:iron_pickaxe":5,"minecraft:iron_helmet":1,"toughasnails:leaf_helmet":1},"minecraft:killed":{"naturalist:zebra":1,"vampirism:vampire":9,"minecraft:cave_spider":5,"vampirism:advanced_vampire":4,"minecraft:spider":9,"naturalist:snail":1,"vampirism:blinding_bat":3,"minecraft:skeleton":22,"minecraft:chicken":1,"minecraft:silverfish":9,"vampirism:advanced_hunter":1,"minecraft:pig":11,"minecraft:creeper":1,"minecraft:sheep":33,"minecraft:trader_llama":2,"minecraft:pillager":2,"minecraft:zombie":58,"minecraft:cow":25,"endermanoverhaul:flower_fields_enderman":1,"naturalist:duck":4,"minecraft:horse":9,"naturalist:deer":1,"minecraft:drowned":1,"cobblemon:pokemon":12,"naturalist:sparrow":1,"minecraft:enderman":3},"minecraft:killed_by":{"vampirism:advanced_vampire":2,"minecraft:creeper":6,"minecraft:pillager":1,"minecraft:zombie":3,"endermanoverhaul:snowy_enderman":1,"mythicmounts:dragon":2,"vampirism:vampire":1,"mca:female_zombie_villager":2,"mutantmonsters:mutant_skeleton":1,"minecraft:skeleton":5,"naturalist:lion":1}},"DataVersion":3465}