{"stats":{"minecraft:used":{"minecraft:stone_sword":35,"minecraft:chest":2,"minecraft:shield":37,"minecraft:iron_sword":29,"minecraft:wooden_shovel":53,"minecraft:orange_bed":2,"minecraft:torch":81,"minecraft:dirt":56,"minecraft:mutton":10,"toughasnails:empty_canteen":7,"minecraft:wooden_axe":139,"minecraft:beef":3,"minecraft:furnace":2,"tombstone:gift":2,"minecraft:water_bucket":1,"minecraft:stone_pickaxe":365,"minecraft:oak_planks":3,"minecraft:wooden_pickaxe":32,"toughasnails:water_canteen":111,"minecraft:crafting_table":9,"minecraft:white_bed":3,"minecraft:shears":49,"minecraft:oak_log":1,"minecraft:melon_slice":25,"minecraft:chicken":1,"minecraft:bread":18,"minecraft:iron_pickaxe":15,"minecraft:stone_axe":144,"minecraft:wooden_sword":109,"minecraft:cobblestone":9,"minecraft:andesite":23,"minecraft:bucket":2},"minecraft:custom":{"minecraft:mob_kills":39,"minecraft:interact_with_crafting_table":26,"minecraft:leave_game":3,"minecraft:time_since_death":163077,"minecraft:sprint_one_cm":257345,"minecraft:walk_one_cm":326681,"minecraft:damage_blocked_by_shield":1710,"minecraft:drop":66,"minecraft:play_time":197266,"minecraft:deaths":2,"minecraft:sneak_time":3125,"minecraft:walk_under_water_one_cm":23994,"minecraft:jump":2176,"minecraft:walk_on_water_one_cm":158933,"minecraft:total_world_time":197266,"minecraft:interact_with_furnace":10,"minecraft:sleep_in_bed":7,"minecraft:time_since_rest":75534,"minecraft:damage_taken":1757,"minecraft:damage_dealt":6579,"minecraft:swim_one_cm":111292,"minecraft:fly_one_cm":398125,"minecraft:open_chest":23,"minecraft:crouch_one_cm":4338,"tombstone:undead_killed":6,"minecraft:fall_one_cm":38430,"minecraft:horse_one_cm":1251268},"minecraft:picked_up":{"minecraft:mud":1,"minecraft:crafting_table":2,"minecraft:chicken":1,"minecraft:wooden_pickaxe":2,"minecraft:string":6,"minecraft:gold_nugget":2,"cobblemon:green_apricorn":4,"minecraft:beef":14,"cobblemon:oran_berry":4,"minecraft:light_gray_wool":3,"minecraft:melon_slice":104,"minecraft:sugar_cane":4,"farmersdelight:cabbage_seeds":4,"minecraft:egg":2,"cobblemon:apricorn_log":5,"minecraft:stick":52,"minecraft:raw_iron":26,"minecraft:torch":9,"minecraft:acacia_log":7,"minecraft:porkchop":6,"minecraft:cherry_log":35,"tombstone:grave_dust":2,"minecraft:diorite":2,"minecraft:orange_bed":3,"minecraft:arrow":1,"minecraft:rotten_flesh":8,"minecraft:hay_block":24,"minecraft:saddle":1,"minecraft:mutton":13,"minecraft:white_wool":8,"minecraft:cobblestone":180,"minecraft:pink_petals":66,"minecraft:leather_chestplate":2,"minecraft:air":0,"minecraft:feather":1,"minecraft:glow_ink_sac":2,"minecraft:andesite":23,"minecraft:acacia_leaves":2,"minecraft:leather":16,"minecraft:oak_log":157,"minecraft:dirt":57,"minecraft:bone":2,"minecraft:apple":4,"minecraft:wheat_seeds":6,"vampirism:item_garlic":2,"minecraft:acacia_sapling":3,"minecraft:oak_planks":4,"cobblemon:sun_stone":1,"minecraft:pumpkin":9,"minecraft:dripstone_block":4,"minecraft:white_bed":2,"minecraft:leather_helmet":2,"toughasnails:water_canteen":1,"minecraft:granite":3,"minecraft:cherry_sapling":38,"minecraft:bread":25,"minecraft:oak_sapling":47,"cobblemon:medicinal_leek":3,"cobblemon:chesto_berry":3,"minecraft:coal":156,"minecraft:oak_leaves":46},"minecraft:dropped":{"toughasnails:water_canteen":2,"minecraft:wheat_seeds":15,"minecraft:feather":1,"minecraft:leather":7,"minecraft:leather_helmet":2,"minecraft:wooden_axe":1,"minecraft:melon_slice":20,"toughasnails:leaf_boots":1,"toughasnails:leaf_helmet":1,"minecraft:wooden_sword":1,"minecraft:mud":1,"toughasnails:leaf_leggings":1,"minecraft:white_wool":3,"minecraft:bone":1,"toughasnails:leaf_chestplate":1,"minecraft:rotten_flesh":2,"minecraft:light_gray_wool":3,"minecraft:oak_planks":2,"minecraft:leather_chestplate":3,"minecraft:oak_sapling":6,"minecraft:acacia_sapling":2,"minecraft:wooden_pickaxe":3},"minecraft:killed_by":{"vampirism:advanced_vampire":1,"naturalist:lion":1},"minecraft:broken":{"toughasnails:leaf_boots":1,"toughasnails:water_canteen":5,"minecraft:stone_pickaxe":2,"minecraft:stone_axe":1,"minecraft:wooden_axe":1,"toughasnails:leaf_helmet":1},"minecraft:crafted":{"minecraft:wooden_sword":4,"minecraft:oak_planks":220,"cobblemon:apricorn_planks":8,"minecraft:furnace":2,"toughasnails:leaf_leggings":2,"minecraft:stone_pickaxe":4,"minecraft:chest":2,"toughasnails:leaf_helmet":2,"toughasnails:leaf_boots":2,"minecraft:wooden_shovel":1,"minecraft:crafting_table":6,"toughasnails:leaf_chestplate":2,"minecraft:wooden_pickaxe":2,"minecraft:iron_sword":1,"minecraft:bucket":1,"minecraft:stone_axe":1,"minecraft:air":0,"minecraft:iron_chestplate":1,"minecraft:shield":1,"minecraft:stick":20,"minecraft:iron_ingot":26,"minecraft:iron_pickaxe":1,"minecraft:wooden_axe":3,"minecraft:stone_sword":1,"minecraft:iron_leggings":1,"minecraft:white_bed":1,"minecraft:acacia_planks":28,"minecraft:torch":4,"minecraft:shears":1,"toughasnails:empty_canteen":2},"minecraft:killed":{"naturalist:zebra":1,"minecraft:spider":3,"minecraft:skeleton":1,"minecraft:horse":7,"minecraft:chicken":1,"minecraft:drowned":1,"minecraft:pig":3,"cobblemon:pokemon":2,"minecraft:sheep":9,"minecraft:zombie":4,"minecraft:enderman":1,"minecraft:cow":6},"minecraft:mined":{"minecraft:white_bed":2,"minecraft:cherry_log":35,"cobblemon:apricorn_log":5,"minecraft:granite":3,"minecraft:acacia_log":7,"minecraft:grass_block":34,"cobblemon:chesto_berry":1,"minecraft:hay_block":24,"farmersdelight:wild_onions":1,"minecraft:iron_ore":26,"minecraft:andesite":24,"minecraft:pumpkin":9,"cobblemon:medicinal_leek":1,"cobblemon:green_apricorn":1,"minecraft:stone":183,"minecraft:orange_bed":2,"minecraft:acacia_leaves":3,"minecraft:crafting_table":2,"minecraft:torch":3,"minecraft:melon":17,"minecraft:tall_grass":5,"minecraft:cobblestone":6,"minecraft:sugar_cane":2,"minecraft:oak_planks":2,"cobblemon:oran_berry":1,"minecraft:diorite":3,"minecraft:wall_torch":5,"minecraft:pink_petals":30,"minecraft:mud":1,"minecraft:grass":59,"vampirism:garlic":2,"minecraft:oak_log":166,"minecraft:coal_ore":159,"minecraft:dripstone_block":4,"minecraft:dirt":24,"cobblemon:sun_stone_ore":1,"minecraft:oak_leaves":52}},"DataVersion":3465}