{"stats":{"minecraft:broken":{"minecraft:iron_shovel":5,"toughasnails:leaf_boots":1,"minecraft:iron_leggings":1,"minecraft:stone_pickaxe":3,"minecraft:stone_axe":1,"minecraft:iron_sword":1,"minecraft:wooden_axe":1,"justhammers:iron_hammer":1,"toughasnails:water_canteen":21,"minecraft:shield":2,"minecraft:iron_axe":1,"minecraft:iron_pickaxe":4,"toughasnails:leaf_helmet":1},"minecraft:dropped":{"minecraft:golden_pickaxe":1,"minecraft:glass_bottle":1,"minecraft:leather":7,"minecraft:leather_helmet":2,"minecraft:dirt":36,"cobblemon:green_apricorn":6,"minecraft:wooden_sword":1,"minecraft:iron_pickaxe":1,"minecraft:white_wool":5,"minecraft:bone":1,"minecraft:gravel":1,"minecraft:cobbled_deepslate":155,"minecraft:pointed_dripstone":2,"minecraft:rotten_flesh":10,"minecraft:oak_planks":13,"minecraft:leather_chestplate":3,"minecraft:gunpowder":6,"minecraft:acacia_sapling":2,"minecraft:arrow":1,"minecraft:enchanted_book":1,"minecraft:water_bucket":1,"minecraft:iron_ingot":37,"toughasnails:water_canteen":3,"minecraft:wheat_seeds":31,"minecraft:dripstone_block":2,"minecraft:cobblestone":23,"minecraft:feather":1,"minecraft:stick":6,"minecraft:diorite":33,"minecraft:torch":25,"minecraft:wooden_axe":1,"minecraft:melon_slice":20,"minecraft:brown_wool":2,"toughasnails:leaf_boots":1,"toughasnails:leaf_helmet":1,"minecraft:mud":1,"toughasnails:leaf_leggings":1,"minecraft:pink_petals":5,"minecraft:dandelion":2,"toughasnails:leaf_chestplate":2,"minecraft:raw_copper":16,"minecraft:light_gray_wool":3,"minecraft:cobblestone_slab":1,"minecraft:andesite":40,"minecraft:oak_sapling":35,"minecraft:spruce_log":2,"minecraft:slime_ball":2,"minecraft:wooden_pickaxe":9},"minecraft:killed":{"naturalist:zebra":1,"vampirism:vampire":8,"minecraft:cave_spider":1,"vampirism:advanced_vampire":1,"minecraft:spider":7,"naturalist:snail":1,"minecraft:skeleton":14,"minecraft:chicken":1,"minecraft:silverfish":9,"vampirism:advanced_hunter":1,"minecraft:pig":3,"minecraft:creeper":1,"minecraft:sheep":21,"minecraft:pillager":2,"minecraft:zombie":45,"minecraft:cow":18,"endermanoverhaul:flower_fields_enderman":1,"minecraft:horse":9,"naturalist:deer":1,"minecraft:drowned":1,"cobblemon:pokemon":10,"naturalist:sparrow":1,"minecraft:enderman":1},"minecraft:custom":{"minecraft:interact_with_crafting_table":87,"minecraft:open_barrel":10,"minecraft:leave_game":34,"minecraft:time_since_death":53337,"minecraft:sprint_one_cm":1241309,"minecraft:damage_blocked_by_shield":10176,"minecraft:drop":170,"minecraft:play_time":941099,"minecraft:deaths":26,"minecraft:jump":8169,"minecraft:walk_on_water_one_cm":233797,"minecraft:interact_with_furnace":65,"minecraft:sleep_in_bed":35,"tombstone:sneak_grave":1,"minecraft:damage_dealt":28461,"minecraft:player_kills":1,"minecraft:crouch_one_cm":53325,"tombstone:undead_killed":60,"minecraft:horse_one_cm":1251268,"minecraft:interact_with_smithing_table":6,"minecraft:mob_kills":159,"minecraft:damage_dealt_resisted":494,"minecraft:climb_one_cm":6061,"minecraft:walk_one_cm":1828894,"minecraft:sneak_time":22981,"minecraft:walk_under_water_one_cm":67375,"minecraft:total_world_time":941099,"tombstone:raider_killed":2,"vampirism:interact_with_garlic_diffuser":1,"minecraft:time_since_rest":19160,"minecraft:damage_taken":12281,"minecraft:swim_one_cm":122663,"minecraft:fly_one_cm":1357460,"minecraft:open_chest":333,"minecraft:fall_one_cm":182641},"minecraft:picked_up":{"minecraft:anvil":1,"minecraft:lead":1,"minecraft:enchanted_book":3,"minecraft:brewing_stand":2,"minecraft:amethyst_block":16,"cobblemon:wepear_berry":19,"minecraft:string":36,"minecraft:raw_copper":58,"minecraft:gold_nugget":2,"minecraft:cobbled_deepslate":2578,"cobblemon:white_apricorn_seed":1,"minecraft:spruce_planks":15,"cobblemon:oran_berry":31,"minecraft:cobblestone_slab":1,"minecraft:calcite":8,"minecraft:wooden_shovel":1,"minecraft:iron_pickaxe":3,"minecraft:melon_slice":104,"farmersdelight:cabbage_seeds":4,"minecraft:stick":127,"cobblemon:apricorn_log":20,"minecraft:oak_fence":2,"minecraft:torch":142,"minecraft:acacia_log":7,"minecraft:porkchop":11,"vampirism:alchemical_cauldron":1,"vampirism:alchemy_table":1,"minecraft:cherry_log":69,"vampirism:vampire_fang":3,"minecraft:pointed_dripstone":24,"tombstone:grave_dust":14,"minecraft:diorite":44,"botania:white_mystical_flower":2,"minecraft:orange_bed":3,"vampirism:hunter_table":1,"minecraft:rotten_flesh":33,"cobblemon:verdant_ball":12,"minecraft:snowball":16,"minecraft:cobblestone":1761,"rechiseled:spruce_planks_rotated_bricks_connecting":37,"minecraft:pink_petals":740,"occultism:datura_seeds":7,"vampirism:vampire_book":1,"minecraft:leather_chestplate":2,"minecraft:feather":9,"cobblemon:ultra_ball":13,"minecraft:water_bucket":1,"minecraft:andesite":74,"minecraft:brown_wool":2,"minecraft:acacia_leaves":2,"minecraft:potato":1,"rechiseled:spruce_planks_tiles":4,"minecraft:flint":9,"minecraft:tuff":85,"minecraft:lapis_lazuli":281,"minecraft:dirt":1403,"minecraft:bone":26,"minecraft:chipped_anvil":1,"rechiseled:stone_small_bricks_connecting":24,"minecraft:bow":1,"minecraft:wheat_seeds":41,"minecraft:raw_gold":30,"vampirism:item_garlic":3,"rechiseled:spruce_planks_mosaic":5,"minecraft:rabbit":4,"minecraft:oak_planks":26,"vampirism:potion_table":1,"cobblemon:sun_stone":1,"minecraft:sand":48,"vampirism:crucifix_normal":2,"minecraft:mossy_cobblestone":1,"minecraft:bundle":1,"toughasnails:water_canteen":1,"minecraft:diamond":20,"vampirism:oil_bottle":1,"cobblemon:poke_ball":28,"minecraft:crossbow":1,"minecraft:granite":6,"minecraft:bread":25,"cobblemon:chesto_berry":47,"cobblemon:medicinal_leek":7,"minecraft:oak_sapling":55,"minecraft:oak_leaves":46,"minecraft:mud":1,"minecraft:coarse_dirt":1,"minecraft:crafting_table":3,"minecraft:splash_potion":1,"minecraft:chicken":10,"naturalist:venison":2,"cobblemon:yellow_apricorn":2,"minecraft:wooden_pickaxe":6,"minecraft:iron_axe":2,"minecraft:item_frame":1,"cobblemon:white_apricorn":11,"minecraft:white_carpet":3,"minecraft:iron_shovel":3,"minecraft:candle":3,"cobblemon:green_apricorn":10,"minecraft:beef":38,"minecraft:light_gray_wool":3,"minecraft:sugar_cane":22,"minecraft:chest":4,"cobblemon:green_apricorn_seed":1,"minecraft:raw_copper_block":6,"minecraft:egg":4,"toughasnails:rain_collector":1,"minecraft:raw_iron":291,"minecraft:carrot":8,"minecraft:redstone":127,"minecraft:arrow":20,"minecraft:hay_block":24,"minecraft:saddle":1,"minecraft:mutton":32,"minecraft:rail":2,"minecraft:white_wool":21,"minecraft:air":0,"vampirism:vampire_blood_bottle":1,"vampirism:item_tent":1,"minecraft:glow_ink_sac":8,"minecraft:leather":32,"minecraft:oak_log":187,"minecraft:gunpowder":2,"minecraft:cobblestone_stairs":2,"minecraft:white_banner":1,"tombstone:gift":4,"minecraft:cooked_mutton":1,"minecraft:apple":6,"minecraft:rabbit_hide":2,"minecraft:iron_sword":2,"minecraft:acacia_sapling":3,"minecraft:book":4,"cobblemon:azure_ball":7,"minecraft:pumpkin":9,"minecraft:sweet_berries":1,"minecraft:dandelion":2,"minecraft:dripstone_block":23,"minecraft:raw_iron_block":7,"minecraft:gravel":76,"cobblemon:cheri_berry":4,"minecraft:amethyst_shard":86,"minecraft:blast_furnace":2,"minecraft:spruce_sapling":87,"minecraft:white_bed":2,"minecraft:spruce_log":417,"minecraft:spider_eye":3,"minecraft:leather_helmet":2,"minecraft:slime_ball":6,"minecraft:cherry_sapling":67,"minecraft:coal":573,"minecraft:ender_pearl":1},"minecraft:mined":{"minecraft:spruce_planks":15,"minecraft:white_bed":2,"minecraft:cherry_log":69,"minecraft:cobblestone_stairs":2,"cobblemon:apricorn_log":20,"minecraft:brewing_stand":2,"minecraft:granite":7,"minecraft:budding_amethyst":1,"minecraft:acacia_log":7,"minecraft:grass_block":685,"vampirism:hunter_table":1,"minecraft:iron_ore":156,"minecraft:cobbled_deepslate":3,"rechiseled:stone_small_bricks_connecting":25,"minecraft:pumpkin":9,"minecraft:deepslate_lapis_ore":14,"minecraft:anvil":1,"vampirism:tent":1,"cobblemon:medicinal_leek":4,"minecraft:pointed_dripstone":2,"minecraft:dirt_path":2,"cobblemon:white_apricorn":4,"rechiseled:spruce_planks_mosaic":5,"minecraft:tripwire":1,"minecraft:orange_bed":2,"minecraft:deepslate_redstone_ore":7,"minecraft:amethyst_cluster":21,"minecraft:torch":36,"cobblemon:apricorn_leaves":1,"minecraft:blast_furnace":2,"minecraft:calcite":9,"minecraft:melon":17,"minecraft:chest":4,"minecraft:cobblestone":68,"minecraft:sugar_cane":5,"minecraft:oak_planks":13,"minecraft:wall_torch":42,"minecraft:amethyst_block":16,"vampirism:alchemy_table":1,"minecraft:pink_petals":227,"minecraft:mud":1,"minecraft:grass":181,"minecraft:oak_log":196,"minecraft:sand":48,"minecraft:dirt":695,"minecraft:raw_copper_block":2,"minecraft:oak_leaves":59,"minecraft:deepslate":110,"minecraft:diamond_ore":1,"minecraft:red_carpet":2,"minecraft:tuff":9,"minecraft:mossy_cobblestone":1,"minecraft:deepslate_diamond_ore":14,"minecraft:candle":1,"farmersdelight:wild_carrots":8,"toughasnails:rain_collector":1,"cobblemon:cheri_berry":3,"minecraft:chiseled_bookshelf":1,"minecraft:redstone_wire":2,"cobblemon:chesto_berry":9,"rechiseled:spruce_planks_rotated_bricks_connecting":37,"minecraft:spruce_leaves":9,"minecraft:hay_block":24,"farmersdelight:wild_onions":1,"minecraft:redstone_ore":9,"vampirism:potion_table":1,"minecraft:spruce_sapling":1,"minecraft:snow":8,"minecraft:andesite":49,"rechiseled:spruce_planks_tiles":4,"minecraft:deepslate_iron_ore":36,"minecraft:cobblestone_slab":1,"minecraft:rail":2,"cobblemon:green_apricorn":1,"minecraft:stone":708,"minecraft:podzol":2,"minecraft:acacia_leaves":3,"minecraft:snow_block":2,"minecraft:dandelion":1,"minecraft:oak_fence":2,"minecraft:crafting_table":3,"vampirism:alchemical_cauldron":1,"cobblemon:wepear_berry":3,"minecraft:tall_grass":11,"minecraft:copper_ore":9,"minecraft:deepslate_coal_ore":4,"minecraft:lapis_ore":13,"minecraft:deepslate_gold_ore":10,"cobblemon:oran_berry":8,"minecraft:diorite":21,"minecraft:coarse_dirt":1,"minecraft:ice":13,"minecraft:white_carpet":2,"minecraft:spruce_log":420,"minecraft:birch_leaves":1,"vampirism:garlic":2,"minecraft:coal_ore":477,"minecraft:gravel":80,"minecraft:dripstone_block":17,"minecraft:cobweb":22,"cobblemon:sun_stone_ore":1,"minecraft:chipped_anvil":1,"minecraft:gold_ore":12,"minecraft:fern":1},"minecraft:used":{"minecraft:iron_shovel":1440,"minecraft:chest":18,"minecraft:shield":206,"minecraft:iron_sword":674,"vampirism:hunter_axe_enhanced":2,"minecraft:mutton":10,"minecraft:carrot":1,"minecraft:snowball":1,"minecraft:furnace":4,"minecraft:oak_planks":36,"minecraft:stone_pickaxe":518,"occultism:datura_seeds":2,"minecraft:ender_pearl":1,"minecraft:wooden_pickaxe":195,"toughasnails:water_canteen":338,"minecraft:blast_furnace":1,"minecraft:shears":49,"rechiseled:spruce_planks_rotated_bricks_connecting":506,"rechiseled:spruce_planks_mosaic":5,"minecraft:string":1,"minecraft:melon_slice":25,"minecraft:bread":125,"minecraft:wooden_sword":109,"minecraft:smithing_table":1,"minecraft:andesite":23,"minecraft:air":1,"minecraft:golden_pickaxe":1,"minecraft:stone_sword":35,"toughasnails:water_purifier":1,"minecraft:redstone":2,"minecraft:spruce_planks":13,"minecraft:wooden_shovel":53,"minecraft:orange_bed":2,"minecraft:torch":820,"minecraft:dirt":1261,"toughasnails:empty_canteen":24,"minecraft:granite":1,"minecraft:wooden_axe":139,"minecraft:chipped_anvil":1,"minecraft:iron_axe":786,"minecraft:raw_copper_block":1,"minecraft:beef":3,"tombstone:gift":14,"rechiseled:stone_small_bricks_connecting":256,"minecraft:cobbled_deepslate":54,"minecraft:cooked_mutton":4,"minecraft:water_bucket":66,"minecraft:cobblestone_stairs":82,"minecraft:glass_bottle":4,"minecraft:crafting_table":12,"toughasnails:rain_collector":2,"minecraft:white_bed":3,"minecraft:spruce_log":2,"justhammers:iron_hammer":548,"minecraft:oak_log":2,"minecraft:diamond_pickaxe":2,"rechiseled:spruce_planks_tiles":6,"minecraft:chicken":1,"minecraft:iron_pickaxe":1157,"minecraft:spruce_sapling":25,"minecraft:stone_axe":144,"minecraft:cobblestone":207,"minecraft:potion":1,"travelersbackpack:standard":6,"toughasnails:purified_water_bottle":1,"minecraft:bucket":74},"minecraft:killed_by":{"vampirism:advanced_vampire":1,"minecraft:creeper":5,"minecraft:pillager":1,"minecraft:zombie":2,"endermanoverhaul:snowy_enderman":1,"mythicmounts:dragon":2,"vampirism:vampire":1,"mca:female_zombie_villager":2,"mutantmonsters:mutant_skeleton":1,"minecraft:skeleton":5,"naturalist:lion":1},"minecraft:crafted":{"minecraft:oak_planks":392,"minecraft:barrel":1,"cobblemon:apricorn_planks":8,"minecraft:stone":257,"minecraft:cobblestone_stairs":80,"toughasnails:leaf_leggings":2,"minecraft:cooked_mutton":22,"minecraft:glass":45,"minecraft:iron_boots":1,"minecraft:chest":16,"toughasnails:leaf_helmet":2,"minecraft:raw_iron_block":7,"minecraft:glass_bottle":6,"minecraft:oak_slab":6,"toughasnails:leaf_boots":2,"minecraft:wooden_shovel":1,"travelersbackpack:iron_tier_upgrade":1,"toughasnails:rain_collector":1,"minecraft:crafting_table":8,"minecraft:spruce_planks":4,"minecraft:iron_helmet":1,"minecraft:wooden_pickaxe":7,"travelersbackpack:standard":3,"minecraft:smithing_table":1,"travelersbackpack:blue_sleeping_bag":1,"rechiseled:chisel":1,"minecraft:iron_chestplate":1,"minecraft:diamond_pickaxe":1,"minecraft:charcoal":11,"toughasnails:water_purifier":1,"minecraft:shield":5,"minecraft:stick":64,"minecraft:iron_ingot":188,"minecraft:iron_pickaxe":5,"minecraft:stone_sword":1,"minecraft:gold_ingot":22,"minecraft:shears":2,"toughasnails:empty_canteen":3,"minecraft:wooden_sword":4,"minecraft:furnace":4,"minecraft:raw_copper_block":1,"travelersbackpack:blank_upgrade":4,"travelersbackpack:gold_tier_upgrade":1,"minecraft:iron_axe":3,"minecraft:stone_pickaxe":4,"modonomicon:modonomicon":1,"minecraft:wheat":216,"minecraft:cooked_beef":33,"minecraft:coal_block":11,"toughasnails:leaf_chestplate":2,"travelersbackpack:backpack_tank":4,"minecraft:iron_sword":3,"minecraft:bucket":1,"minecraft:stone_axe":1,"minecraft:bread":72,"minecraft:air":0,"minecraft:blue_dye":2,"justhammers:iron_hammer":10,"minecraft:white_wool":1,"minecraft:wooden_axe":3,"minecraft:blue_wool":2,"minecraft:iron_shovel":6,"minecraft:iron_leggings":1,"minecraft:white_bed":1,"minecraft:acacia_planks":28,"minecraft:torch":144}},"DataVersion":3465}