{"stats":{"minecraft:dropped":{"jeg:atlantean_spear":2,"occultism:datura_seeds":1,"minecraft:glass_bottle":1,"travelersbackpack:iron_tier_upgrade":1,"minecraft:leather_helmet":2,"minecraft:dirt":216,"minecraft:grass":1,"minecraft:wooden_sword":1,"cobblemon:blue_apricorn_seed":2,"minecraft:iron_pickaxe":1,"minecraft:white_wool":5,"minecraft:bone":1,"cobblemon:ultra_ball":4,"minecraft:cobbled_deepslate":1307,"minecraft:obsidian":2,"minecraft:rotten_flesh":10,"minecraft:oak_planks":13,"minecraft:acacia_sapling":2,"minecraft:enchanted_book":1,"minecraft:iron_ingot":53,"toughasnails:water_canteen":3,"minecraft:wheat_seeds":39,"minecraft:dripstone_block":2,"minecraft:feather":1,"minecraft:cobblestone":23,"minecraft:wooden_axe":1,"minecraft:mud":1,"toughasnails:leaf_leggings":1,"jeg:repair_kit":1,"rechiseled:spruce_planks_mosaic":1,"cobblemon:everstone":1,"minecraft:cobblestone_slab":1,"minecraft:spruce_planks":14,"minecraft:barrel":1,"minecraft:golden_pickaxe":1,"minecraft:ender_pearl":1,"minecraft:leather":10,"paraglider:spirit_orb":4,"cobblemon:green_apricorn":6,"minecraft:birch_log":10,"minecraft:gravel":1,"minecraft:pointed_dripstone":2,"travelersbackpack:gold_tier_upgrade":1,"minecraft:leather_chestplate":3,"minecraft:gunpowder":6,"minecraft:arrow":1,"minecraft:water_bucket":1,"minecraft:bread":4,"minecraft:mossy_cobblestone":1,"minecraft:poisonous_potato":4,"sophisticatedstorage:limited_barrel_1":1,"minecraft:stick":6,"minecraft:diorite":33,"minecraft:torch":25,"minecraft:melon_slice":20,"minecraft:brown_wool":3,"toughasnails:leaf_boots":1,"toughasnails:leaf_helmet":1,"minecraft:pink_petals":25,"minecraft:dandelion":2,"minecraft:kelp":7,"toughasnails:leaf_chestplate":2,"minecraft:blaze_rod":7,"minecraft:raw_copper":16,"minecraft:light_gray_wool":3,"minecraft:filled_map":2,"minecraft:andesite":40,"minecraft:oak_sapling":36,"minecraft:slime_ball":2,"minecraft:spruce_log":2,"minecraft:wooden_pickaxe":9},"minecraft:mined":{"minecraft:white_bed":3,"botania:red_mystical_flower":11,"minecraft:cherry_log":110,"minecraft:obsidian":15,"mcwdoors:spruce_stable_door":1,"minecraft:granite":9,"minecraft:acacia_log":7,"minecraft:coal_block":7,"cobblemon:coba_berry":3,"vampirism:hunter_table":1,"botania:light_gray_mystical_flower":11,"minecraft:spawner":9,"minecraft:magma_block":2,"botania:purple_mystical_flower":11,"minecraft:cobbled_deepslate":28,"minecraft:fire":1,"minecraft:barrel":1,"rechiseled:stone_small_bricks_connecting":169,"minecraft:pumpkin":9,"minecraft:deepslate_lapis_ore":14,"cobblemon:deepslate_sun_stone_ore":1,"minecraft:dirt_path":3,"minecraft:deepslate_brick_stairs":10,"minecraft:green_carpet":2,"botania:brown_mystical_flower":14,"rechiseled:spruce_planks_mosaic":139,"botania:light_blue_mystical_flower":14,"minecraft:tripwire":1,"minecraft:orange_bed":2,"botania:green_mystical_flower":7,"minecraft:blue_wall_banner":1,"minecraft:kelp_plant":1,"minecraft:amethyst_cluster":40,"minecraft:torch":76,"minecraft:blast_furnace":2,"minecraft:melon":17,"minecraft:glass":2,"minecraft:sugar_cane":9,"minecraft:bricks":1,"botania:black_mystical_flower":1,"minecraft:amethyst_block":20,"vampirism:alchemy_table":1,"minecraft:cherry_fence":2,"minecraft:mud":1,"minecraft:wheat":1,"minecraft:stone_brick_stairs":8,"minecraft:grass":284,"minecraft:smooth_basalt":2,"born_in_chaos_v1:infernal_evil_pumpkin_s":1,"rechiseled:stone_slated":29,"minecraft:deepslate":192,"minecraft:suspicious_gravel":1,"minecraft:mossy_cobblestone":3,"botania:orange_double_flower":1,"farmersdelight:wild_carrots":8,"cobblemon:cheri_berry":4,"minecraft:crimson_roots":1,"minecraft:redstone_wire":2,"cobblemon:chesto_berry":9,"rechiseled:spruce_planks_rotated_bricks_connecting":47,"farmersdelight:wild_onions":11,"minecraft:redstone_ore":9,"botania:magenta_mystical_flower":7,"vampirism:potion_table":1,"minecraft:snow":481,"cobblemon:razz_berry":3,"cobblemon:deepslate_shiny_stone_ore":1,"cobblemon:black_apricorn":2,"minecraft:andesite":49,"rechiseled:stone_small_bricks":6,"rechiseled:spruce_planks_tiles":4,"minecraft:cobblestone_slab":1,"minecraft:rail":2,"rechiseled:stone_cobbled":6,"ad_astra:sky_stone":5,"minecraft:smithing_table":1,"botania:lime_mystical_flower":5,"rechiseled:oak_planks_small_bricks_connecting":23,"jeg:scrap_ore":1,"toughasnails:water_purifier":1,"rechiseled:cobbled_deepslate_brick_paving":1,"minecraft:dandelion":5,"minecraft:cornflower":2,"vampirism:alchemical_cauldron":1,"cobblemon:wepear_berry":3,"minecraft:tall_grass":25,"minecraft:copper_ore":9,"sophisticatedstorage:limited_barrel_2":3,"minecraft:deepslate_gold_ore":10,"cobblemon:oran_berry":9,"minecraft:diorite":21,"minecraft:coarse_dirt":1,"minecraft:white_carpet":2,"minecraft:spruce_log":426,"minecraft:birch_leaves":10,"mcwdoors:spruce_stable_head_door":1,"vampirism:garlic":2,"botania:white_mystical_flower":1,"minecraft:sunflower":1,"minecraft:gravel":84,"minecraft:dripstone_block":17,"botania:gray_mystical_flower":11,"minecraft:cobweb":99,"cobblemon:sun_stone_ore":2,"minecraft:chipped_anvil":1,"minecraft:gold_ore":12,"minecraft:fern":1,"rechiseled:cobbled_deepslate_pillar_connecting":3,"minecraft:large_amethyst_bud":1,"minecraft:spruce_planks":38,"connectedglass:borderless_glass":1,"minecraft:cobblestone_stairs":2,"cobblemon:apricorn_log":36,"minecraft:brewing_stand":2,"minecraft:budding_amethyst":1,"minecraft:grass_block":2054,"minecraft:gilded_blackstone":50,"minecraft:iron_ore":160,"born_in_chaos_v1:black_argillite_brick_slab":6,"minecraft:anvil":1,"vampirism:tent":1,"minecraft:azure_bluet":4,"cobblemon:medicinal_leek":4,"cobblemon:red_apricorn":3,"rechiseled:cobbled_deepslate_brick_paving_connecting":31,"minecraft:pointed_dripstone":2,"cobblemon:white_apricorn":6,"minecraft:deepslate_redstone_ore":8,"botania:orange_mystical_flower":11,"rechiseled:cherry_planks_small_bricks_connecting":72,"minecraft:polished_deepslate_stairs":2,"cobblemon:apricorn_leaves":11,"minecraft:calcite":11,"minecraft:poppy":1,"minecraft:chest":5,"minecraft:cobblestone":80,"botania:blue_mystical_flower":7,"minecraft:oak_planks":21,"botania:blue_double_flower":1,"minecraft:wall_torch":89,"rechiseled:cobbled_deepslate_squares_connecting":1,"minecraft:pink_petals":373,"vampirism:totem_top":1,"minecraft:birch_log":5,"minecraft:cherry_door":2,"minecraft:oak_log":204,"botania:gray_double_flower":1,"minecraft:sand":266,"minecraft:dirt":2409,"minecraft:raw_copper_block":2,"minecraft:netherrack":15,"minecraft:oak_leaves":93,"minecraft:diamond_ore":1,"minecraft:crying_obsidian":8,"minecraft:red_carpet":2,"minecraft:tuff":14,"minecraft:deepslate_diamond_ore":37,"minecraft:candle":9,"enchantinginfuser:enchanting_infuser":3,"toughasnails:rain_collector":2,"minecraft:chiseled_bookshelf":1,"botania:brown_double_flower":1,"minecraft:spruce_leaves":17,"minecraft:sandstone":55,"minecraft:hay_block":107,"minecraft:spruce_sapling":1,"minecraft:polished_basalt":1,"minecraft:stripped_spruce_log":1,"minecraft:deepslate_iron_ore":36,"minecraft:lantern":2,"cobblemon:green_apricorn":1,"sophisticatedstorage:limited_barrel_1":7,"minecraft:stone":748,"minecraft:podzol":2,"minecraft:acacia_leaves":3,"born_in_chaos_v1:marigolds":1,"minecraft:snow_block":2,"travelersbackpack:standard":6,"minecraft:oak_fence":2,"minecraft:crafting_table":6,"botania:yellow_double_flower":2,"minecraft:deepslate_coal_ore":4,"born_in_chaos_v1:chipped_black_argillite_brick":8,"theurgy:sal_ammoniac_ore":14,"minecraft:lapis_ore":13,"minecraft:spruce_stairs":2,"botania:pink_mystical_flower":3,"botania:cyan_mystical_flower":6,"botania:red_double_flower":1,"minecraft:ice":42,"minecraft:yellow_bed":6,"minecraft:coal_ore":517,"botania:yellow_mystical_flower":7,"minecraft:cherry_leaves":1,"paraglider:goddess_statue":1},"minecraft:picked_up":{"minecraft:anvil":1,"minecraft:smithing_table":1,"minecraft:lead":3,"minecraft:enchanted_book":3,"minecraft:brewing_stand":2,"minecraft:amethyst_block":20,"paraglider:goddess_statue":1,"minecraft:string":119,"mcwdoors:spruce_stable_door":1,"minecraft:gold_nugget":21,"minecraft:cobbled_deepslate":4983,"cobblemon:white_apricorn_seed":1,"minecraft:spruce_planks":118,"toughasnails:leaf_boots":1,"cobblemon:oran_berry":32,"minecraft:melon_slice":104,"minecraft:coal_block":93,"born_in_chaos_v1:shattered_skull":1,"minecraft:acacia_log":7,"vampirism:alchemical_cauldron":1,"minecraft:cherry_log":106,"minecraft:rabbit_foot":1,"botania:white_mystical_flower":2,"minecraft:orange_bed":3,"vampirism:hunter_table":1,"vampirism:blood_bottle":4,"minecraft:honey_bottle":2,"farmersdelight:onion":10,"minecraft:polished_basalt":1,"minecraft:carved_pumpkin":1,"minecraft:blaze_rod":7,"botania:blue_double_flower":1,"minecraft:snowball":448,"minecraft:birch_log":10,"minecraft:magma_block":16,"minecraft:feather":21,"minecraft:water_bucket":1,"minecraft:brown_wool":3,"minecraft:acacia_leaves":2,"minecraft:flint":10,"mcwdoors:spruce_stable_head_door":1,"born_in_chaos_v1:black_argillite_button":2,"minecraft:cherry_fence":2,"jeg:scrap":3,"minecraft:cherry_door":2,"minecraft:lantern":2,"born_in_chaos_v1:marigolds":1,"minecraft:chipped_anvil":1,"theurgy:sal_ammoniac_crystal":14,"rechiseled:spruce_planks_mosaic":139,"minecraft:rabbit":9,"vampirism:potion_table":1,"rechiseled:cobbled_deepslate_brick_paving":63,"cobblemon:sun_stone":3,"botania:red_mystical_flower":3,"vampirism:ring":1,"minecraft:barrel":1,"minecraft:bundle":1,"minecraft:iron_hoe":2,"toughasnails:water_canteen":1,"toughasnails:water_purifier":1,"jeg:repair_kit":1,"enchantinginfuser:enchanting_infuser":3,"minecraft:granite":8,"minecraft:bread":32,"minecraft:blue_banner":1,"born_in_chaos_v1:rotten_fish":13,"minecraft:bricks":1,"minecraft:crimson_roots":1,"minecraft:mud":1,"minecraft:crafting_table":6,"minecraft:coarse_dirt":1,"minecraft:clay_ball":1,"cobblemon:yellow_apricorn":4,"rechiseled:stone_cobbled":6,"minecraft:white_carpet":3,"minecraft:iron_shovel":5,"rechiseled:stone_slated":29,"minecraft:beef":81,"rechiseled:cobbled_deepslate_squares_connecting":1,"minecraft:poppy":1,"minecraft:chest":5,"minecraft:birch_sapling":3,"cobblemon:green_apricorn_seed":2,"minecraft:raw_copper_block":6,"minecraft:egg":9,"toughasnails:rain_collector":2,"minecraft:sandstone":55,"naturalist:duck":6,"pointblank:gunmetal_nugget":30,"sophisticatedstorage:limited_barrel_1":8,"minecraft:carrot":8,"minecraft:redstone":132,"cobblemon:everstone":2,"minecraft:peony":2,"minecraft:hay_block":105,"botania:blue_mystical_flower":1,"minecraft:mutton":64,"minecraft:white_wool":35,"cobblemon:blue_apricorn":2,"rechiseled:cobbled_deepslate_pillar_connecting":3,"minecraft:rail":2,"vampirism:vampire_blood_bottle":2,"vampirism:item_tent":1,"born_in_chaos_v1:pumpkin_staff":1,"minecraft:filled_map":1,"minecraft:oak_log":192,"tombstone:gift":4,"minecraft:white_banner":1,"pointblank:deserteagle":1,"born_in_chaos_v1:soul_cutlass":1,"minecraft:apple":7,"minecraft:kelp":7,"minecraft:iron_sword":2,"toughasnails:leaf_chestplate":1,"minecraft:smooth_basalt":2,"minecraft:sweet_berries":3,"born_in_chaos_v1:ethereal_spirit":1,"cobblemon:blue_apricorn_seed":2,"minecraft:gravel":80,"cobblemon:cheri_berry":4,"minecraft:spruce_sapling":88,"cobblemon:pink_apricorn":3,"minecraft:spruce_log":434,"minecraft:crying_obsidian":8,"minecraft:leather_helmet":2,"travelersbackpack:standard":6,"minecraft:slime_ball":7,"botania:orange_mystical_flower":1,"minecraft:gray_wool":1,"botania:brown_mystical_flower":1,"minecraft:ender_pearl":5,"toughasnails:leaf_leggings":1,"cobblemon:red_apricorn":8,"minecraft:potion":1,"minecraft:gilded_blackstone":45,"minecraft:stone_brick_stairs":8,"cobblemon:wepear_berry":20,"minecraft:raw_copper":58,"minecraft:cobblestone_slab":1,"minecraft:calcite":10,"minecraft:wooden_shovel":1,"minecraft:iron_pickaxe":3,"farmersdelight:cabbage_seeds":4,"minecraft:stick":136,"cobblemon:apricorn_log":36,"minecraft:polished_deepslate_stairs":2,"minecraft:oak_fence":2,"minecraft:torch":281,"minecraft:spruce_stairs":2,"minecraft:porkchop":41,"vampirism:alchemy_table":1,"minecraft:diorite":44,"vampirism:vampire_fang":3,"minecraft:pointed_dripstone":24,"tombstone:grave_dust":19,"rechiseled:cobbled_deepslate_brick_paving_connecting":316,"minecraft:rotten_flesh":71,"born_in_chaos_v1:sea_terror_eye":2,"minecraft:deepslate_brick_stairs":10,"minecraft:obsidian":17,"cobblemon:verdant_ball":12,"minecraft:cobblestone":2453,"paraglider:paraglider":1,"rechiseled:spruce_planks_rotated_bricks_connecting":49,"occultism:datura_seeds":13,"minecraft:pink_petals":1192,"vampirism:vampire_book":1,"minecraft:leather_chestplate":2,"cobblemon:ultra_ball":21,"minecraft:andesite":74,"minecraft:potato":1,"toughasnails:leaf_helmet":2,"paraglider:spirit_orb":14,"rechiseled:spruce_planks_tiles":4,"minecraft:tuff":90,"minecraft:lapis_lazuli":281,"minecraft:dirt":4658,"minecraft:bone":36,"rechiseled:stone_small_bricks_connecting":168,"botania:cyan_mystical_flower":2,"minecraft:wheat_seeds":78,"minecraft:bow":2,"botania:pink_mystical_flower":2,"cobblemon:black_apricorn":4,"minecraft:raw_gold":30,"vampirism:item_garlic":3,"botania:gray_mystical_flower":1,"minecraft:oak_planks":44,"sophisticatedstorage:limited_barrel_2":3,"cobblemon:shiny_stone":1,"minecraft:sand":512,"vampirism:crucifix_normal":2,"rechiseled:stone_small_bricks":6,"minecraft:mossy_cobblestone":3,"cobblemon:poke_ball":36,"born_in_chaos_v1:fire_dust":1,"minecraft:diamond":43,"vampirism:oil_bottle":1,"minecraft:crossbow":1,"minecraft:bone_meal":2,"minecraft:grass":1,"cobblemon:chesto_berry":47,"cobblemon:medicinal_leek":7,"minecraft:oak_sapling":57,"minecraft:netherrack":70,"born_in_chaos_v1:sea_terror_stomach":1,"minecraft:oak_leaves":46,"minecraft:charcoal":3,"minecraft:azure_bluet":4,"minecraft:allium":12,"minecraft:splash_potion":1,"minecraft:chicken":18,"naturalist:venison":2,"minecraft:wooden_pickaxe":6,"minecraft:gold_block":1,"ad_astra:sky_stone":15,"immersive_armors:warrior_boots":1,"minecraft:iron_axe":4,"cobblemon:white_apricorn":14,"minecraft:item_frame":1,"minecraft:candle":19,"cobblemon:green_apricorn":14,"minecraft:oak_boat":3,"minecraft:light_gray_wool":3,"minecraft:sugar_cane":30,"minecraft:raw_iron":295,"minecraft:copper_ingot":4,"rotten_flesh_to_leather:sodium":7,"minecraft:arrow":29,"minecraft:saddle":1,"born_in_chaos_v1:corpse_maggot":2,"minecraft:air":0,"minecraft:basalt":5,"minecraft:glow_ink_sac":8,"minecraft:leather":57,"rechiseled:cherry_planks_small_bricks_connecting":72,"minecraft:yellow_bed":6,"minecraft:gunpowder":2,"minecraft:cobblestone_stairs":2,"minecraft:cooked_mutton":1,"immersive_armors:warrior_leggings":1,"minecraft:rabbit_hide":7,"jeg:atlantean_spear":2,"minecraft:iron_ingot":4,"born_in_chaos_v1:chipped_black_argillite_brick":5,"cobblemon:coba_berry":13,"minecraft:acacia_sapling":3,"minecraft:book":4,"cobblemon:azure_ball":7,"minecraft:pumpkin":9,"minecraft:dandelion":6,"minecraft:dripstone_block":23,"minecraft:raw_iron_block":7,"minecraft:amethyst_shard":158,"minecraft:blast_furnace":2,"minecraft:white_bed":3,"minecraft:green_carpet":2,"minecraft:spider_eye":9,"minecraft:pumpkin_seeds":30,"minecraft:cherry_sapling":88,"tombstone:magic_scroll":1,"rechiseled:oak_planks_small_bricks_connecting":23,"minecraft:black_wool":2,"minecraft:coal":622,"minecraft:sunflower":1},"minecraft:crafted":{"minecraft:smooth_stone":3,"cobblemon:apricorn_planks":8,"connectedglass:borderless_glass":180,"minecraft:cooked_mutton":22,"minecraft:iron_bars":16,"minecraft:deepslate_brick_stairs":160,"minecraft:glass":301,"toughasnails:wool_chestplate":1,"minecraft:glass_bottle":6,"minecraft:deepslate":5,"minecraft:wooden_shovel":1,"toughasnails:rain_collector":1,"enchantinginfuser:enchanting_infuser":1,"travelersbackpack:standard":4,"minecraft:smithing_table":1,"minecraft:copper_ingot":61,"minecraft:stone_brick_stairs":16,"cobblemon:healing_machine":1,"minecraft:iron_pickaxe":5,"minecraft:gold_ingot":22,"pointblank:guninternals":4,"minecraft:iron_nugget":9,"minecraft:polished_deepslate_stairs":4,"botania:blue_petal":4,"travelersbackpack:blank_upgrade":8,"travelersbackpack:gold_tier_upgrade":2,"minecraft:spruce_stairs":32,"minecraft:spruce_slab":48,"minecraft:stone_pickaxe":4,"minecraft:cobbled_deepslate_stairs":4,"minecraft:wheat":360,"minecraft:coal_block":11,"minecraft:enchanting_table":1,"pointblank:processor":1,"sophisticatedstorage:limited_barrel_1":25,"minecraft:wooden_axe":3,"minecraft:iron_shovel":21,"minecraft:iron_leggings":2,"minecraft:white_bed":1,"minecraft:oak_planks":540,"minecraft:barrel":2,"minecraft:cobblestone_stairs":80,"minecraft:stone":789,"toughasnails:leaf_leggings":2,"minecraft:iron_boots":2,"minecraft:chest":28,"toughasnails:leaf_helmet":2,"minecraft:stone_bricks":24,"minecraft:cherry_fence":60,"minecraft:raw_iron_block":7,"minecraft:oak_slab":12,"pointblank:printer":1,"toughasnails:leaf_boots":2,"travelersbackpack:iron_tier_upgrade":3,"pointblank:gunmetal_mesh":45,"minecraft:crafting_table":8,"minecraft:spruce_planks":324,"minecraft:wooden_pickaxe":7,"minecraft:iron_helmet":2,"travelersbackpack:blue_sleeping_bag":1,"rechiseled:chisel":1,"minecraft:iron_chestplate":2,"toughasnails:water_purifier":1,"minecraft:diamond_pickaxe":1,"minecraft:charcoal":11,"minecraft:shield":7,"minecraft:stick":380,"sophisticatedstorage:limited_barrel_4":6,"minecraft:iron_ingot":277,"mcwdoors:spruce_stable_head_door":1,"minecraft:stone_sword":1,"minecraft:snow_block":62,"cobblemon:fast_ball":4,"minecraft:redstone_torch":81,"minecraft:deepslate_bricks":304,"minecraft:shears":2,"toughasnails:empty_canteen":3,"minecraft:wooden_sword":4,"minecraft:furnace":4,"minecraft:raw_copper_block":1,"minecraft:glass_pane":16,"sophisticatedstorage:limited_barrel_2":1,"minecraft:polished_deepslate":312,"minecraft:iron_axe":5,"mcwdoors:spruce_stable_door":3,"minecraft:iron_hoe":1,"botania:flower_bag":1,"modonomicon:modonomicon":1,"minecraft:cooked_beef":33,"minecraft:diamond_sword":1,"jeg:repair_kit":1,"pointblank:gunmetal_ingot":45,"toughasnails:leaf_chestplate":2,"travelersbackpack:backpack_tank":6,"minecraft:iron_sword":4,"cobblemon:pc":1,"minecraft:bucket":1,"minecraft:stone_axe":1,"minecraft:bread":120,"minecraft:air":0,"minecraft:blue_dye":2,"minecraft:oak_boat":1,"justhammers:iron_hammer":12,"minecraft:white_wool":6,"minecraft:blue_wool":2,"minecraft:cherry_door":12,"minecraft:acacia_planks":28,"minecraft:torch":208},"minecraft:custom":{"minecraft:interact_with_crafting_table":174,"minecraft:open_barrel":18,"minecraft:leave_game":65,"minecraft:time_since_death":125096,"minecraft:damage_blocked_by_shield":13806,"minecraft:play_time":1849770,"minecraft:deaths":41,"minecraft:jump":17142,"minecraft:enchant_item":1,"minecraft:interact_with_furnace":169,"minecraft:sleep_in_bed":74,"tombstone:sneak_grave":1,"minecraft:damage_dealt":50221,"tombstone:undead_killed":92,"minecraft:horse_one_cm":1255746,"minecraft:interact_with_smithing_table":13,"minecraft:sneak_time":79310,"minecraft:total_world_time":1849770,"tombstone:raider_killed":2,"vampirism:interact_with_garlic_diffuser":1,"minecraft:time_since_rest":6280,"minecraft:swim_one_cm":153877,"minecraft:fly_one_cm":3282774,"minecraft:open_chest":946,"minecraft:fall_one_cm":357275,"minecraft:sprint_one_cm":2765302,"minecraft:drop":257,"minecraft:talked_to_villager":2,"minecraft:walk_on_water_one_cm":347541,"minecraft:player_kills":1,"minecraft:crouch_one_cm":346022,"minecraft:mob_kills":279,"minecraft:damage_dealt_resisted":1848,"minecraft:climb_one_cm":9324,"minecraft:walk_one_cm":3536578,"minecraft:walk_under_water_one_cm":129829,"minecraft:boat_one_cm":418607,"minecraft:damage_taken":19479},"minecraft:used":{"minecraft:chest":30,"born_in_chaos_v1:soul_cutlass":12,"minecraft:snowball":15,"minecraft:azure_bluet":1,"rechiseled:stone_slated":98,"minecraft:stone_brick_stairs":18,"minecraft:bow":3,"minecraft:furnace":4,"mcwdoors:spruce_stable_door":3,"minecraft:egg":2,"occultism:datura_seeds":2,"minecraft:wooden_pickaxe":195,"minecraft:blast_furnace":2,"rechiseled:spruce_planks_rotated_bricks_connecting":518,"minecraft:deepslate_brick_stairs":132,"rechiseled:cobbled_deepslate_brick_paving":63,"rechiseled:spruce_planks_mosaic":338,"rechiseled:stone_small_bricks":6,"cobblemon:apricorn_log":1,"minecraft:diamond_sword":240,"minecraft:wooden_sword":109,"minecraft:smithing_table":2,"minecraft:oak_boat":3,"minecraft:stone_sword":35,"toughasnails:water_purifier":1,"travelersbackpack:bat":3,"minecraft:orange_bed":2,"minecraft:torch":1138,"rechiseled:stone_diagonal_bricks_connecting":25,"minecraft:chipped_anvil":1,"minecraft:iron_axe":1232,"minecraft:barrel":1,"cobblemon:pc":1,"minecraft:raw_copper_block":1,"minecraft:beef":3,"tombstone:gift":14,"minecraft:cobbled_deepslate":130,"minecraft:cherry_fence":41,"minecraft:water_bucket":146,"minecraft:deepslate_bricks":4,"minecraft:mossy_cobblestone":1,"minecraft:crafting_table":16,"minecraft:white_bed":4,"cobblemon:healing_machine":1,"minecraft:spruce_log":2,"justhammers:iron_hammer":720,"minecraft:oak_log":5,"minecraft:diamond_pickaxe":654,"minecraft:iron_pickaxe":1252,"minecraft:spruce_sapling":25,"minecraft:green_carpet":2,"enchantinginfuser:enchanting_infuser":3,"minecraft:cobblestone":283,"minecraft:potion":1,"travelersbackpack:standard":45,"rechiseled:cherry_planks_small_bricks_connecting":76,"minecraft:iron_shovel":5218,"minecraft:shield":295,"minecraft:iron_sword":1204,"vampirism:hunter_axe_enhanced":2,"jeg:atlantean_spear":6,"minecraft:mutton":10,"artifacts:umbrella":5,"rechiseled:cobbled_deepslate_squares_connecting":1,"minecraft:carrot":1,"minecraft:polished_deepslate_stairs":2,"minecraft:glass":2,"rechiseled:oak_planks_small_bricks_connecting":79,"minecraft:stone_pickaxe":518,"minecraft:oak_planks":37,"minecraft:ender_pearl":1,"minecraft:sugar_cane":4,"toughasnails:water_canteen":586,"rechiseled:stone_cobbled":6,"minecraft:shears":49,"minecraft:melon_slice":25,"minecraft:string":1,"minecraft:bread":166,"tombstone:grave_key":2,"minecraft:deepslate":5,"minecraft:andesite":23,"sophisticatedstorage:limited_barrel_1":28,"minecraft:air":1,"minecraft:golden_pickaxe":1,"sophisticatedstorage:limited_barrel_2":3,"minecraft:redstone":2,"minecraft:spruce_planks":18,"minecraft:wooden_shovel":53,"minecraft:cooked_chicken":2,"minecraft:dirt":4298,"toughasnails:empty_canteen":45,"minecraft:spruce_stairs":33,"minecraft:granite":1,"sophisticatedstorage:limited_barrel_4":4,"minecraft:iron_hoe":252,"minecraft:wooden_axe":139,"connectedglass:borderless_glass":237,"rechiseled:cobbled_deepslate_pillar_connecting":3,"minecraft:cooked_beef":29,"rechiseled:stone_small_bricks_connecting":1056,"minecraft:cooked_mutton":23,"minecraft:cobblestone_stairs":82,"minecraft:glass_bottle":4,"pointblank:printer":1,"mcwdoors:spruce_stable_head_door":1,"toughasnails:rain_collector":2,"minecraft:cherry_door":6,"rechiseled:spruce_planks_tiles":6,"minecraft:chicken":1,"rechiseled:cobbled_deepslate_brick_paving_connecting":955,"minecraft:stone_axe":144,"toughasnails:purified_water_bottle":1,"minecraft:bucket":155,"minecraft:yellow_bed":6},"minecraft:killed":{"vampirism:vampire":9,"minecraft:cave_spider":5,"born_in_chaos_v1:mr_pumpkin":2,"vampirism:advanced_vampire":4,"born_in_chaos_v1:door_knight_not_despawn":1,"born_in_chaos_v1:pumpkin_spirit":1,"minecraft:skeleton":22,"vampirism:blinding_bat":3,"minecraft:chicken":1,"vampirism:advanced_hunter":1,"minecraft:pillager":2,"minecraft:zombie":58,"minecraft:cow":33,"naturalist:duck":4,"minecraft:horse":9,"naturalist:deer":1,"born_in_chaos_v1:decrepit_skeleton":4,"minecraft:enderman":3,"naturalist:zebra":1,"minecraft:spider":13,"naturalist:snail":1,"minecraft:silverfish":9,"born_in_chaos_v1:firelight_not_despawn":2,"minecraft:pig":11,"born_in_chaos_v1:glutton_fish":1,"minecraft:creeper":1,"minecraft:sheep":37,"minecraft:trader_llama":2,"endermanoverhaul:flower_fields_enderman":2,"born_in_chaos_v1:maggot":3,"minecraft:drowned":7,"born_in_chaos_v1:corpse_fish":3,"cobblemon:pokemon":18,"naturalist:sparrow":1},"minecraft:broken":{"minecraft:iron_boots":1,"minecraft:iron_chestplate":1,"minecraft:iron_leggings":1,"minecraft:iron_sword":3,"toughasnails:water_canteen":42,"minecraft:shield":3,"minecraft:iron_axe":3,"minecraft:iron_pickaxe":5,"minecraft:iron_helmet":1,"toughasnails:leaf_helmet":1,"minecraft:iron_shovel":20,"toughasnails:leaf_boots":1,"minecraft:stone_pickaxe":3,"minecraft:stone_axe":1,"minecraft:wooden_axe":1,"toughasnails:leaf_leggings":1,"justhammers:iron_hammer":1},"minecraft:killed_by":{"vampirism:advanced_vampire":2,"minecraft:pillager":1,"minecraft:zombie":3,"endermanoverhaul:snowy_enderman":1,"mythicmounts:dragon":2,"born_in_chaos_v1:felsteed":1,"vampirism:vampire":1,"mca:female_zombie_villager":2,"mutantmonsters:mutant_skeleton":1,"naturalist:lion":1,"born_in_chaos_v1:mr_pumpkin":2,"minecraft:creeper":6,"minecraft:drowned":2,"born_in_chaos_v1:sir_pumpkinhead":4,"minecraft:skeleton":5}},"DataVersion":3465}