{"stats":{"minecraft:picked_up":{"minecraft:mud":1,"minecraft:crafting_table":2,"minecraft:chicken":2,"minecraft:anvil":1,"naturalist:venison":2,"cobblemon:yellow_apricorn":2,"minecraft:lead":1,"minecraft:wooden_pickaxe":6,"minecraft:enchanted_book":2,"minecraft:brewing_stand":1,"cobblemon:wepear_berry":19,"minecraft:string":8,"minecraft:raw_copper":25,"minecraft:item_frame":1,"cobblemon:white_apricorn":4,"minecraft:iron_shovel":1,"minecraft:gold_nugget":2,"minecraft:candle":3,"cobblemon:green_apricorn":4,"minecraft:spruce_planks":2,"minecraft:beef":26,"cobblemon:oran_berry":30,"minecraft:cobblestone_slab":1,"minecraft:wooden_shovel":1,"minecraft:iron_pickaxe":1,"minecraft:light_gray_wool":3,"minecraft:sugar_cane":10,"minecraft:melon_slice":104,"minecraft:chest":1,"farmersdelight:cabbage_seeds":4,"minecraft:raw_copper_block":6,"minecraft:egg":4,"minecraft:raw_iron":103,"minecraft:stick":58,"cobblemon:apricorn_log":10,"minecraft:torch":27,"minecraft:acacia_log":7,"minecraft:porkchop":8,"vampirism:alchemical_cauldron":1,"vampirism:alchemy_table":1,"tombstone:grave_dust":10,"minecraft:cherry_log":35,"minecraft:pointed_dripstone":5,"vampirism:vampire_fang":1,"minecraft:diorite":28,"minecraft:redstone":14,"minecraft:orange_bed":3,"vampirism:hunter_table":1,"minecraft:arrow":5,"minecraft:rotten_flesh":12,"minecraft:hay_block":24,"minecraft:saddle":1,"minecraft:mutton":17,"cobblemon:verdant_ball":12,"minecraft:white_wool":10,"minecraft:cobblestone":414,"occultism:datura_seeds":1,"minecraft:pink_petals":132,"minecraft:leather_chestplate":2,"vampirism:vampire_blood_bottle":1,"vampirism:vampire_book":1,"minecraft:air":0,"minecraft:feather":2,"minecraft:glow_ink_sac":2,"minecraft:leather":23,"minecraft:andesite":53,"minecraft:brown_wool":2,"minecraft:acacia_leaves":2,"minecraft:flint":1,"minecraft:oak_log":187,"minecraft:gunpowder":2,"minecraft:dirt":190,"minecraft:lapis_lazuli":86,"tombstone:gift":2,"minecraft:cooked_mutton":1,"minecraft:bone":6,"minecraft:apple":6,"minecraft:wheat_seeds":19,"minecraft:raw_gold":3,"minecraft:rabbit_hide":1,"vampirism:item_garlic":3,"minecraft:rabbit":1,"minecraft:oak_planks":17,"minecraft:iron_sword":1,"minecraft:acacia_sapling":3,"vampirism:potion_table":1,"minecraft:book":4,"cobblemon:sun_stone":1,"cobblemon:azure_ball":7,"minecraft:pumpkin":9,"minecraft:dandelion":2,"minecraft:raw_iron_block":7,"minecraft:dripstone_block":5,"cobblemon:cheri_berry":4,"vampirism:crucifix_normal":2,"minecraft:sand":48,"minecraft:blast_furnace":1,"minecraft:white_bed":2,"minecraft:spruce_log":4,"minecraft:leather_helmet":2,"minecraft:bundle":1,"toughasnails:water_canteen":1,"minecraft:slime_ball":6,"minecraft:diamond":2,"vampirism:oil_bottle":1,"minecraft:granite":3,"minecraft:cherry_sapling":38,"minecraft:bread":25,"cobblemon:chesto_berry":20,"cobblemon:medicinal_leek":3,"minecraft:oak_sapling":55,"minecraft:coal":289,"minecraft:oak_leaves":46},"minecraft:dropped":{"minecraft:enchanted_book":1,"toughasnails:water_canteen":3,"minecraft:wheat_seeds":23,"minecraft:golden_pickaxe":1,"minecraft:glass_bottle":1,"minecraft:feather":1,"minecraft:cobblestone":21,"minecraft:leather":7,"minecraft:leather_helmet":2,"minecraft:stick":6,"minecraft:dirt":36,"minecraft:diorite":28,"minecraft:wooden_axe":1,"minecraft:melon_slice":20,"minecraft:brown_wool":2,"toughasnails:leaf_boots":1,"minecraft:wooden_sword":1,"toughasnails:leaf_helmet":1,"minecraft:mud":1,"toughasnails:leaf_leggings":1,"minecraft:pink_petals":5,"minecraft:white_wool":5,"minecraft:dandelion":2,"minecraft:bone":1,"toughasnails:leaf_chestplate":2,"minecraft:raw_copper":16,"minecraft:pointed_dripstone":2,"minecraft:rotten_flesh":10,"minecraft:light_gray_wool":3,"minecraft:oak_planks":13,"minecraft:leather_chestplate":3,"minecraft:cobblestone_slab":1,"minecraft:gunpowder":6,"minecraft:andesite":19,"minecraft:oak_sapling":35,"minecraft:acacia_sapling":2,"minecraft:spruce_log":2,"minecraft:slime_ball":2,"minecraft:arrow":1,"minecraft:wooden_pickaxe":9},"minecraft:used":{"minecraft:stone_sword":35,"minecraft:iron_shovel":146,"toughasnails:water_purifier":1,"minecraft:redstone":1,"minecraft:chest":7,"minecraft:shield":100,"minecraft:iron_sword":194,"vampirism:hunter_axe_enhanced":2,"minecraft:wooden_shovel":53,"minecraft:orange_bed":2,"minecraft:torch":238,"minecraft:dirt":74,"minecraft:mutton":10,"toughasnails:empty_canteen":13,"minecraft:wooden_axe":139,"minecraft:iron_axe":97,"minecraft:raw_copper_block":1,"minecraft:beef":3,"minecraft:furnace":2,"tombstone:gift":9,"minecraft:water_bucket":36,"minecraft:glass_bottle":4,"minecraft:stone_pickaxe":518,"minecraft:oak_planks":32,"minecraft:wooden_pickaxe":195,"toughasnails:water_canteen":191,"minecraft:crafting_table":11,"toughasnails:rain_collector":1,"minecraft:white_bed":3,"minecraft:spruce_log":2,"minecraft:shears":49,"minecraft:oak_log":2,"minecraft:chicken":1,"minecraft:iron_pickaxe":229,"minecraft:bread":56,"minecraft:melon_slice":25,"travelersbackpack:standard":1,"minecraft:cobblestone":115,"minecraft:stone_axe":144,"minecraft:wooden_sword":109,"minecraft:potion":1,"minecraft:andesite":23,"minecraft:bucket":37,"minecraft:air":1,"minecraft:golden_pickaxe":1},"minecraft:mined":{"minecraft:diamond_ore":1,"minecraft:white_bed":2,"minecraft:spruce_planks":2,"minecraft:deepslate_diamond_ore":1,"minecraft:candle":1,"minecraft:cherry_log":35,"cobblemon:apricorn_log":10,"minecraft:brewing_stand":1,"cobblemon:cheri_berry":3,"minecraft:granite":4,"minecraft:chiseled_bookshelf":1,"minecraft:acacia_log":7,"minecraft:grass_block":110,"minecraft:redstone_wire":1,"cobblemon:chesto_berry":4,"vampirism:hunter_table":1,"minecraft:hay_block":24,"farmersdelight:wild_onions":1,"minecraft:redstone_ore":3,"vampirism:potion_table":1,"minecraft:iron_ore":103,"minecraft:andesite":49,"minecraft:pumpkin":9,"minecraft:anvil":1,"cobblemon:medicinal_leek":1,"minecraft:pointed_dripstone":1,"minecraft:dirt_path":2,"minecraft:cobblestone_slab":1,"cobblemon:white_apricorn":4,"cobblemon:green_apricorn":1,"minecraft:stone":382,"minecraft:orange_bed":2,"minecraft:acacia_leaves":3,"minecraft:dandelion":1,"minecraft:crafting_table":2,"minecraft:torch":7,"minecraft:blast_furnace":1,"minecraft:melon":17,"minecraft:chest":1,"vampirism:alchemical_cauldron":1,"cobblemon:wepear_berry":3,"minecraft:copper_ore":6,"minecraft:tall_grass":11,"minecraft:cobblestone":36,"minecraft:lapis_ore":13,"minecraft:oak_planks":4,"minecraft:sugar_cane":5,"cobblemon:oran_berry":8,"minecraft:wall_torch":13,"minecraft:diorite":19,"vampirism:alchemy_table":1,"minecraft:pink_petals":39,"minecraft:mud":1,"minecraft:spruce_log":4,"vampirism:garlic":2,"minecraft:grass":107,"minecraft:coal_ore":291,"minecraft:oak_log":196,"minecraft:gravel":1,"minecraft:dirt":66,"minecraft:sand":48,"minecraft:dripstone_block":5,"minecraft:raw_copper_block":2,"cobblemon:sun_stone_ore":1,"minecraft:gold_ore":3,"minecraft:oak_leaves":57},"minecraft:broken":{"toughasnails:leaf_boots":1,"toughasnails:water_canteen":10,"minecraft:stone_pickaxe":3,"minecraft:shield":1,"minecraft:stone_axe":1,"minecraft:wooden_axe":1,"toughasnails:leaf_helmet":1},"minecraft:killed":{"naturalist:zebra":1,"vampirism:vampire":2,"vampirism:advanced_vampire":1,"minecraft:spider":3,"naturalist:snail":1,"minecraft:horse":9,"minecraft:skeleton":1,"naturalist:deer":1,"minecraft:chicken":1,"vampirism:advanced_hunter":1,"minecraft:drowned":1,"minecraft:pig":3,"cobblemon:pokemon":5,"minecraft:sheep":12,"minecraft:zombie":21,"naturalist:sparrow":1,"minecraft:enderman":1,"minecraft:cow":10},"minecraft:crafted":{"minecraft:wooden_sword":4,"minecraft:oak_planks":360,"minecraft:barrel":1,"cobblemon:apricorn_planks":8,"minecraft:furnace":2,"toughasnails:leaf_leggings":2,"minecraft:raw_copper_block":1,"minecraft:glass":29,"minecraft:iron_boots":1,"minecraft:iron_axe":1,"minecraft:stone_pickaxe":4,"minecraft:chest":7,"toughasnails:leaf_helmet":2,"minecraft:wheat":216,"minecraft:raw_iron_block":7,"minecraft:coal_block":11,"minecraft:glass_bottle":6,"toughasnails:leaf_boots":2,"minecraft:oak_slab":6,"minecraft:wooden_shovel":1,"toughasnails:rain_collector":1,"toughasnails:leaf_chestplate":2,"minecraft:crafting_table":7,"travelersbackpack:backpack_tank":2,"minecraft:wooden_pickaxe":7,"travelersbackpack:standard":1,"minecraft:iron_helmet":1,"minecraft:iron_sword":1,"minecraft:bucket":1,"travelersbackpack:blue_sleeping_bag":1,"minecraft:stone_axe":1,"minecraft:bread":72,"minecraft:air":0,"minecraft:blue_dye":2,"minecraft:white_wool":1,"minecraft:iron_chestplate":1,"minecraft:charcoal":6,"toughasnails:water_purifier":1,"minecraft:shield":3,"minecraft:stick":40,"minecraft:iron_ingot":111,"minecraft:iron_pickaxe":2,"minecraft:wooden_axe":3,"minecraft:stone_sword":1,"minecraft:blue_wool":2,"minecraft:iron_shovel":1,"minecraft:gold_ingot":22,"minecraft:iron_leggings":1,"minecraft:white_bed":1,"minecraft:acacia_planks":28,"minecraft:torch":36,"minecraft:shears":2,"toughasnails:empty_canteen":3},"minecraft:custom":{"minecraft:mob_kills":76,"minecraft:interact_with_crafting_table":57,"minecraft:open_barrel":10,"minecraft:leave_game":18,"minecraft:time_since_death":115385,"minecraft:climb_one_cm":3044,"minecraft:sprint_one_cm":726112,"minecraft:walk_one_cm":824143,"minecraft:damage_blocked_by_shield":4080,"minecraft:drop":135,"minecraft:play_time":458726,"minecraft:sneak_time":7741,"minecraft:deaths":17,"minecraft:walk_under_water_one_cm":50703,"minecraft:jump":4892,"minecraft:walk_on_water_one_cm":194340,"minecraft:total_world_time":458726,"minecraft:interact_with_furnace":32,"vampirism:interact_with_garlic_diffuser":1,"minecraft:sleep_in_bed":14,"minecraft:time_since_rest":33486,"minecraft:damage_taken":6832,"minecraft:damage_dealt":14218,"minecraft:crouch_one_cm":9312,"minecraft:swim_one_cm":114683,"minecraft:player_kills":1,"minecraft:fly_one_cm":949499,"minecraft:open_chest":128,"tombstone:undead_killed":23,"minecraft:fall_one_cm":106964,"minecraft:horse_one_cm":1251268},"minecraft:killed_by":{"vampirism:advanced_vampire":1,"mca:female_zombie_villager":2,"minecraft:creeper":3,"mutantmonsters:mutant_skeleton":1,"minecraft:skeleton":2,"minecraft:zombie":1,"naturalist:lion":1,"mythicmounts:dragon":2,"vampirism:vampire":1}},"DataVersion":3465}