{"stats":{"minecraft:picked_up":{"minecraft:mud":1,"minecraft:crafting_table":2,"minecraft:chicken":1,"minecraft:anvil":1,"minecraft:wooden_pickaxe":4,"minecraft:enchanted_book":2,"minecraft:string":6,"minecraft:raw_copper":25,"minecraft:iron_shovel":1,"minecraft:gold_nugget":2,"cobblemon:green_apricorn":4,"minecraft:beef":19,"cobblemon:oran_berry":4,"minecraft:wooden_shovel":1,"minecraft:iron_pickaxe":1,"minecraft:light_gray_wool":3,"minecraft:melon_slice":104,"minecraft:sugar_cane":4,"minecraft:chest":1,"farmersdelight:cabbage_seeds":4,"minecraft:raw_copper_block":6,"minecraft:egg":2,"minecraft:stick":52,"minecraft:raw_iron":96,"cobblemon:apricorn_log":5,"minecraft:torch":24,"minecraft:acacia_log":7,"minecraft:porkchop":6,"minecraft:diorite":28,"minecraft:cherry_log":35,"minecraft:pointed_dripstone":5,"tombstone:grave_dust":10,"vampirism:vampire_fang":1,"minecraft:redstone":14,"minecraft:orange_bed":3,"minecraft:arrow":2,"minecraft:rotten_flesh":12,"minecraft:hay_block":24,"minecraft:saddle":1,"minecraft:mutton":13,"minecraft:white_wool":8,"minecraft:cobblestone":346,"occultism:datura_seeds":1,"minecraft:pink_petals":72,"minecraft:feather":1,"minecraft:leather_chestplate":2,"minecraft:air":0,"vampirism:vampire_blood_bottle":1,"minecraft:glow_ink_sac":2,"minecraft:andesite":40,"minecraft:acacia_leaves":2,"minecraft:leather":17,"minecraft:oak_log":157,"minecraft:gunpowder":2,"minecraft:lapis_lazuli":86,"minecraft:dirt":74,"tombstone:gift":2,"minecraft:bone":4,"minecraft:apple":4,"minecraft:wheat_seeds":8,"minecraft:raw_gold":3,"vampirism:item_garlic":2,"minecraft:iron_sword":1,"minecraft:oak_planks":4,"minecraft:acacia_sapling":3,"cobblemon:sun_stone":1,"minecraft:pumpkin":9,"minecraft:raw_iron_block":7,"minecraft:dripstone_block":5,"minecraft:white_bed":2,"minecraft:leather_helmet":2,"minecraft:bundle":1,"toughasnails:water_canteen":1,"minecraft:slime_ball":6,"minecraft:diamond":2,"minecraft:granite":3,"minecraft:cherry_sapling":38,"minecraft:bread":25,"cobblemon:chesto_berry":3,"cobblemon:medicinal_leek":3,"minecraft:oak_sapling":49,"minecraft:coal":241,"minecraft:oak_leaves":46},"minecraft:dropped":{"minecraft:enchanted_book":1,"toughasnails:water_canteen":2,"minecraft:wheat_seeds":17,"minecraft:golden_pickaxe":1,"minecraft:feather":1,"minecraft:cobblestone":16,"minecraft:leather":7,"minecraft:leather_helmet":2,"minecraft:dirt":13,"minecraft:diorite":28,"minecraft:wooden_axe":1,"minecraft:melon_slice":20,"toughasnails:leaf_boots":1,"toughasnails:leaf_helmet":1,"minecraft:wooden_sword":1,"minecraft:mud":1,"toughasnails:leaf_leggings":1,"minecraft:pink_petals":3,"minecraft:white_wool":3,"minecraft:bone":1,"toughasnails:leaf_chestplate":2,"minecraft:raw_copper":16,"minecraft:pointed_dripstone":2,"minecraft:rotten_flesh":10,"minecraft:light_gray_wool":3,"minecraft:oak_planks":2,"minecraft:leather_chestplate":3,"minecraft:gunpowder":6,"minecraft:andesite":18,"minecraft:oak_sapling":35,"minecraft:acacia_sapling":2,"minecraft:slime_ball":2,"minecraft:arrow":1,"minecraft:wooden_pickaxe":7},"minecraft:used":{"minecraft:stone_sword":35,"minecraft:iron_shovel":5,"minecraft:redstone":1,"minecraft:chest":5,"minecraft:shield":56,"minecraft:iron_sword":131,"minecraft:wooden_shovel":53,"minecraft:orange_bed":2,"minecraft:torch":216,"minecraft:dirt":59,"minecraft:mutton":10,"toughasnails:empty_canteen":10,"minecraft:wooden_axe":139,"minecraft:raw_copper_block":1,"minecraft:beef":3,"minecraft:furnace":2,"tombstone:gift":9,"minecraft:water_bucket":4,"minecraft:stone_pickaxe":518,"minecraft:oak_planks":3,"minecraft:wooden_pickaxe":125,"toughasnails:water_canteen":131,"minecraft:crafting_table":10,"minecraft:white_bed":3,"minecraft:shears":49,"minecraft:oak_log":1,"minecraft:chicken":1,"minecraft:bread":35,"minecraft:melon_slice":25,"minecraft:iron_pickaxe":155,"minecraft:stone_axe":144,"minecraft:wooden_sword":109,"minecraft:cobblestone":100,"minecraft:andesite":23,"minecraft:bucket":5,"minecraft:golden_pickaxe":1},"minecraft:mined":{"minecraft:diamond_ore":1,"minecraft:white_bed":2,"minecraft:deepslate_diamond_ore":1,"minecraft:cherry_log":35,"cobblemon:apricorn_log":5,"minecraft:granite":3,"minecraft:acacia_log":7,"minecraft:grass_block":46,"minecraft:redstone_wire":1,"cobblemon:chesto_berry":1,"minecraft:hay_block":24,"farmersdelight:wild_onions":1,"minecraft:redstone_ore":3,"minecraft:iron_ore":96,"minecraft:andesite":36,"minecraft:pumpkin":9,"minecraft:anvil":1,"cobblemon:medicinal_leek":1,"minecraft:pointed_dripstone":1,"cobblemon:green_apricorn":1,"minecraft:stone":321,"minecraft:orange_bed":2,"minecraft:acacia_leaves":3,"minecraft:crafting_table":2,"minecraft:torch":6,"minecraft:melon":17,"minecraft:chest":1,"minecraft:copper_ore":6,"minecraft:tall_grass":5,"minecraft:cobblestone":33,"minecraft:lapis_ore":13,"minecraft:oak_planks":2,"minecraft:sugar_cane":2,"cobblemon:oran_berry":1,"minecraft:wall_torch":11,"minecraft:diorite":19,"minecraft:pink_petals":34,"minecraft:mud":1,"minecraft:grass":65,"vampirism:garlic":2,"minecraft:oak_log":166,"minecraft:coal_ore":244,"minecraft:dripstone_block":5,"minecraft:dirt":31,"minecraft:raw_copper_block":2,"cobblemon:sun_stone_ore":1,"minecraft:gold_ore":3,"minecraft:oak_leaves":57},"minecraft:broken":{"toughasnails:leaf_boots":1,"toughasnails:water_canteen":8,"minecraft:stone_pickaxe":3,"minecraft:shield":1,"minecraft:stone_axe":1,"minecraft:wooden_axe":1,"toughasnails:leaf_helmet":1},"minecraft:killed":{"naturalist:zebra":1,"vampirism:vampire":1,"vampirism:advanced_vampire":1,"minecraft:spider":3,"minecraft:skeleton":1,"minecraft:horse":7,"minecraft:chicken":1,"minecraft:drowned":1,"minecraft:pig":3,"cobblemon:pokemon":3,"minecraft:sheep":9,"minecraft:zombie":21,"minecraft:cow":7,"minecraft:enderman":1},"minecraft:crafted":{"minecraft:wooden_sword":4,"minecraft:oak_planks":220,"cobblemon:apricorn_planks":8,"minecraft:furnace":2,"minecraft:raw_copper_block":1,"toughasnails:leaf_leggings":2,"minecraft:stone_pickaxe":4,"minecraft:chest":4,"toughasnails:leaf_helmet":2,"minecraft:wheat":216,"minecraft:raw_iron_block":7,"minecraft:coal_block":11,"toughasnails:leaf_boots":2,"minecraft:wooden_shovel":1,"minecraft:crafting_table":7,"toughasnails:leaf_chestplate":2,"minecraft:wooden_pickaxe":6,"minecraft:iron_sword":1,"minecraft:bucket":1,"minecraft:stone_axe":1,"minecraft:bread":72,"minecraft:air":0,"minecraft:iron_chestplate":1,"minecraft:shield":2,"minecraft:stick":32,"minecraft:iron_ingot":26,"minecraft:iron_pickaxe":1,"minecraft:wooden_axe":3,"minecraft:stone_sword":1,"minecraft:iron_leggings":1,"minecraft:white_bed":1,"minecraft:acacia_planks":28,"minecraft:torch":36,"minecraft:shears":1,"toughasnails:empty_canteen":2},"minecraft:custom":{"minecraft:mob_kills":61,"minecraft:interact_with_crafting_table":34,"minecraft:open_barrel":6,"minecraft:leave_game":17,"minecraft:time_since_death":18717,"minecraft:sprint_one_cm":493403,"minecraft:walk_one_cm":581818,"minecraft:damage_blocked_by_shield":3195,"minecraft:drop":110,"minecraft:play_time":322512,"minecraft:deaths":14,"minecraft:sneak_time":5976,"minecraft:walk_under_water_one_cm":35567,"minecraft:jump":3472,"minecraft:walk_on_water_one_cm":171984,"minecraft:total_world_time":322512,"minecraft:interact_with_furnace":12,"minecraft:sleep_in_bed":9,"minecraft:time_since_rest":7234,"minecraft:damage_taken":5648,"minecraft:damage_dealt":11284,"minecraft:swim_one_cm":111292,"minecraft:fly_one_cm":662050,"minecraft:open_chest":57,"minecraft:crouch_one_cm":7026,"tombstone:undead_killed":23,"minecraft:fall_one_cm":78929,"minecraft:horse_one_cm":1251268},"minecraft:killed_by":{"vampirism:advanced_vampire":1,"mca:female_zombie_villager":2,"minecraft:creeper":3,"mutantmonsters:mutant_skeleton":1,"minecraft:skeleton":2,"naturalist:lion":1,"mythicmounts:dragon":2}},"DataVersion":3465}