{"stats":{"minecraft:picked_up":{"toughasnails:leaf_chestplate":1,"toughasnails:leaf_leggings":1,"occultism:datura_seeds":1,"minecraft:stick":20,"minecraft:crafting_table":1,"minecraft:azure_bluet":3,"toughasnails:leaf_helmet":1,"minecraft:cherry_log":51,"minecraft:white_bed":1,"minecraft:dirt":76,"minecraft:bone":2,"minecraft:arrow":2,"toughasnails:water_canteen":1,"minecraft:wheat_seeds":6,"toughasnails:leaf_boots":1,"minecraft:cherry_sapling":30,"minecraft:cobblestone":153,"minecraft:pink_bed":1,"minecraft:pink_petals":97,"minecraft:mutton":1,"minecraft:white_wool":1,"minecraft:furnace":1},"minecraft:dropped":{"minecraft:wheat_seeds":1,"minecraft:coal":1},"minecraft:used":{"minecraft:cooked_mutton":1,"minecraft:wooden_axe":41,"toughasnails:leaf_leggings":1,"toughasnails:leaf_helmet":1,"minecraft:stone_pickaxe":170,"minecraft:chest":2,"minecraft:wooden_pickaxe":3,"minecraft:wooden_shovel":65,"toughasnails:leaf_chestplate":1,"toughasnails:leaf_boots":1,"toughasnails:water_canteen":3,"minecraft:pink_bed":2,"minecraft:torch":4,"minecraft:dirt":63,"minecraft:crafting_table":2,"minecraft:furnace":1},"minecraft:mined":{"minecraft:white_bed":1,"minecraft:pink_bed":1,"minecraft:cherry_log":51,"minecraft:crafting_table":1,"minecraft:azure_bluet":3,"minecraft:grass":22,"minecraft:grass_block":61,"minecraft:dirt":17,"minecraft:tall_grass":10,"minecraft:stone":173,"minecraft:pink_petals":27},"minecraft:broken":{"minecraft:wooden_shovel":1,"toughasnails:water_canteen":1,"minecraft:stone_pickaxe":1},"minecraft:crafted":{"minecraft:wooden_shovel":1,"minecraft:charcoal":18,"minecraft:crafting_table":1,"minecraft:wooden_pickaxe":1,"minecraft:pink_bed":1,"minecraft:stone_pickaxe":4,"minecraft:wooden_axe":1,"minecraft:chest":2,"minecraft:copper_ingot":64,"minecraft:torch":4,"minecraft:pink_dye":1,"minecraft:cooked_mutton":1,"minecraft:air":0,"minecraft:cherry_planks":48},"minecraft:killed":{"minecraft:sheep":1},"minecraft:custom":{"minecraft:time_since_rest":15253,"minecraft:interact_with_furnace":21,"minecraft:sprint_one_cm":34552,"minecraft:damage_taken":127,"minecraft:walk_one_cm":92644,"minecraft:mob_kills":1,"minecraft:drop":2,"minecraft:damage_dealt":158,"minecraft:player_kills":1,"minecraft:interact_with_crafting_table":14,"minecraft:fly_one_cm":38224,"minecraft:open_chest":5,"minecraft:crouch_one_cm":1488,"minecraft:play_time":39149,"minecraft:sneak_time":351,"minecraft:jump":370,"minecraft:interact_with_blast_furnace":3,"minecraft:time_since_death":39149,"minecraft:sleep_in_bed":3,"minecraft:total_world_time":39149,"minecraft:fall_one_cm":8663}},"DataVersion":3465}