{"stats":{"minecraft:picked_up":{"toughasnails:leaf_leggings":1,"minecraft:birch_log":42,"minecraft:pink_petals":182,"occultism:datura_seeds":7,"minecraft:crafting_table":1,"minecraft:feather":7,"minecraft:azure_bluet":3,"minecraft:cherry_leaves":27,"minecraft:chicken":4,"minecraft:leather":5,"cobblemon:razz_berry":16,"toughasnails:leaf_helmet":1,"minecraft:dirt":180,"minecraft:bone":7,"minecraft:kelp":15,"cobblemon:black_apricorn":1,"minecraft:wheat_seeds":32,"toughasnails:leaf_boots":1,"minecraft:beef":9,"cobblemon:oran_berry":4,"minecraft:light_gray_wool":1,"minecraft:sugar_cane":8,"minecraft:birch_sapling":13,"minecraft:egg":2,"minecraft:furnace":1,"toughasnails:leaf_chestplate":1,"minecraft:pink_bed":3,"minecraft:stick":27,"minecraft:raw_iron":1,"minecraft:torch":4,"minecraft:porkchop":5,"cobblemon:persim_berry":19,"minecraft:cherry_log":51,"minecraft:carrot":18,"minecraft:ink_sac":2,"minecraft:diorite":1,"minecraft:white_bed":1,"minecraft:arrow":4,"toughasnails:water_canteen":1,"botania:orange_double_flower":1,"botania:orange_mystical_flower":1,"minecraft:cherry_sapling":30,"cobblemon:chesto_berry":4,"sereneseasons:calendar":1,"minecraft:mutton":2,"minecraft:coal":89,"minecraft:white_wool":1,"minecraft:cobblestone":185},"minecraft:dropped":{"minecraft:wheat_seeds":1,"fabledweaponry:mace_iron":1,"cobblemon:chesto_berry":4,"warhammersmod:hammer_iron":1,"minecraft:coal":1,"cobblemon:oran_berry":4,"fabledweaponry:maul_stone":1},"minecraft:used":{"minecraft:cooked_mutton":1,"minecraft:water_bucket":11,"toughasnails:leaf_leggings":1,"minecraft:stone_sword":77,"toughasnails:leaf_helmet":1,"minecraft:stone_pickaxe":244,"minecraft:chest":2,"minecraft:wooden_pickaxe":50,"minecraft:sugar_cane":2,"minecraft:wooden_shovel":65,"toughasnails:leaf_boots":1,"minecraft:cooked_chicken":2,"minecraft:stone_hoe":52,"toughasnails:water_canteen":77,"minecraft:torch":13,"minecraft:dirt":130,"warhammersmod:hammer_iron":4,"minecraft:crafting_table":3,"toughasnails:empty_canteen":3,"minecraft:carrot":31,"minecraft:shears":28,"minecraft:wooden_axe":89,"toughasnails:leaf_chestplate":1,"minecraft:pink_bed":4,"minecraft:furnace":1,"minecraft:bucket":11,"toughasnails:purified_water_canteen":9,"tombstone:gift":6,"minecraft:egg":2,"minecraft:cooked_beef":9,"farmersdelight:tomato_seeds":10,"minecraft:bone_meal":12,"minecraft:wheat_seeds":24},"minecraft:mined":{"botania:orange_mystical_flower":1,"minecraft:white_bed":1,"botania:orange_double_flower":1,"minecraft:pink_bed":3,"minecraft:kelp_plant":17,"minecraft:cherry_log":51,"minecraft:crafting_table":1,"minecraft:torch":4,"minecraft:grass_block":103,"minecraft:tall_grass":51,"minecraft:kelp":5,"minecraft:sugar_cane":4,"minecraft:diorite":1,"minecraft:pink_petals":51,"minecraft:carrots":5,"minecraft:iron_ore":1,"minecraft:birch_log":42,"cobblemon:razz_berry":2,"minecraft:birch_leaves":1,"cobblemon:black_apricorn":1,"minecraft:azure_bluet":3,"minecraft:grass":103,"minecraft:coal_ore":89,"minecraft:cherry_leaves":28,"minecraft:dirt":44,"minecraft:stone":207,"minecraft:oak_leaves":5},"minecraft:killed":{"minecraft:pig":3,"minecraft:squid":1,"minecraft:sheep":2,"naturalist:finch":1,"minecraft:chicken":4,"minecraft:cow":5},"minecraft:crafted":{"minecraft:cherry_planks":76,"toughasnails:leaf_boots":1,"minecraft:wooden_shovel":1,"minecraft:cooked_porkchop":5,"toughasnails:leaf_chestplate":1,"minecraft:crafting_table":2,"minecraft:cooked_chicken":4,"minecraft:pink_bed":1,"minecraft:wooden_pickaxe":2,"minecraft:furnace":1,"minecraft:copper_ingot":64,"minecraft:bone_meal":9,"minecraft:bucket":1,"minecraft:birch_planks":8,"minecraft:pink_dye":1,"toughasnails:leaf_leggings":1,"minecraft:cooked_mutton":1,"minecraft:air":0,"minecraft:charcoal":32,"minecraft:stick":8,"minecraft:stone_pickaxe":4,"minecraft:wooden_axe":2,"minecraft:stone_sword":1,"minecraft:chest":2,"toughasnails:leaf_helmet":1,"minecraft:stone_hoe":1,"minecraft:torch":36,"minecraft:shears":1,"minecraft:cooked_beef":9},"minecraft:broken":{"minecraft:stone_pickaxe":1,"toughasnails:leaf_leggings":1,"toughasnails:leaf_boots":1,"minecraft:wooden_shovel":1,"toughasnails:leaf_chestplate":1,"toughasnails:purified_water_canteen":1,"toughasnails:leaf_helmet":1,"toughasnails:water_canteen":2},"minecraft:custom":{"minecraft:interact_with_furnace":35,"minecraft:mob_kills":17,"minecraft:interact_with_crafting_table":32,"minecraft:leave_game":1,"minecraft:time_since_death":8987,"minecraft:sleep_in_bed":5,"minecraft:time_since_rest":7168,"minecraft:sprint_one_cm":275154,"minecraft:damage_taken":2057,"minecraft:walk_one_cm":357504,"minecraft:drop":13,"minecraft:damage_dealt":1997,"minecraft:swim_one_cm":155508,"minecraft:fly_one_cm":281965,"minecraft:player_kills":1,"minecraft:open_chest":50,"minecraft:crouch_one_cm":2620,"minecraft:play_time":132312,"minecraft:deaths":7,"minecraft:sneak_time":536,"minecraft:walk_under_water_one_cm":21739,"minecraft:jump":1612,"minecraft:interact_with_blast_furnace":4,"minecraft:walk_on_water_one_cm":44660,"minecraft:total_world_time":132312,"minecraft:fall_one_cm":32440},"minecraft:killed_by":{"minecraft:skeleton":3,"minecraft:creeper":2,"minecraft:enderman":1}},"DataVersion":3465}