{"stats":{"minecraft:picked_up":{"toughasnails:leaf_leggings":1,"occultism:datura_seeds":1,"minecraft:stick":5,"minecraft:arrow":2,"minecraft:azure_bluet":3,"minecraft:bone":2,"minecraft:wheat_seeds":4,"toughasnails:leaf_boots":1,"toughasnails:leaf_helmet":1,"minecraft:cherry_sapling":6,"minecraft:cherry_log":12,"minecraft:mutton":1,"minecraft:white_wool":1,"toughasnails:leaf_chestplate":1},"minecraft:dropped":{"minecraft:wheat_seeds":1},"minecraft:used":{"toughasnails:leaf_leggings":1,"toughasnails:leaf_helmet":1,"toughasnails:leaf_chestplate":1,"toughasnails:leaf_boots":1},"minecraft:mined":{"minecraft:grass":11,"minecraft:tall_grass":10,"minecraft:cherry_log":12,"minecraft:azure_bluet":3},"minecraft:killed":{"minecraft:sheep":1},"minecraft:custom":{"minecraft:open_chest":1,"minecraft:time_since_rest":4717,"minecraft:crouch_one_cm":881,"minecraft:play_time":15149,"minecraft:sprint_one_cm":22046,"minecraft:damage_taken":127,"minecraft:walk_one_cm":35281,"minecraft:sneak_time":265,"minecraft:mob_kills":1,"minecraft:drop":1,"minecraft:jump":254,"minecraft:damage_dealt":135,"minecraft:time_since_death":15149,"minecraft:sleep_in_bed":2,"minecraft:total_world_time":15149,"minecraft:interact_with_crafting_table":6,"minecraft:fall_one_cm":5503,"minecraft:fly_one_cm":27793,"minecraft:interact_with_furnace":9}},"DataVersion":3465}