{"stats":{"minecraft:picked_up":{"toughasnails:leaf_leggings":1,"minecraft:birch_log":42,"minecraft:pink_petals":97,"occultism:datura_seeds":1,"minecraft:crafting_table":1,"minecraft:feather":5,"minecraft:azure_bluet":3,"minecraft:chicken":3,"minecraft:leather":5,"cobblemon:razz_berry":16,"toughasnails:leaf_helmet":1,"minecraft:dirt":76,"minecraft:bone":2,"minecraft:wheat_seeds":9,"toughasnails:leaf_boots":1,"minecraft:beef":7,"minecraft:light_gray_wool":1,"minecraft:sugar_cane":8,"minecraft:birch_sapling":11,"minecraft:egg":1,"minecraft:furnace":1,"toughasnails:leaf_chestplate":1,"minecraft:pink_bed":1,"minecraft:stick":27,"minecraft:porkchop":3,"cobblemon:persim_berry":19,"minecraft:cherry_log":51,"minecraft:ink_sac":2,"minecraft:white_bed":1,"minecraft:arrow":2,"toughasnails:water_canteen":1,"botania:orange_double_flower":1,"botania:orange_mystical_flower":1,"minecraft:cherry_sapling":30,"minecraft:mutton":2,"minecraft:white_wool":1,"minecraft:cobblestone":168},"minecraft:dropped":{"minecraft:wheat_seeds":1,"minecraft:coal":1},"minecraft:used":{"minecraft:cooked_mutton":1,"toughasnails:leaf_leggings":1,"minecraft:stone_sword":50,"toughasnails:leaf_helmet":1,"minecraft:stone_pickaxe":187,"minecraft:chest":2,"minecraft:wooden_pickaxe":3,"minecraft:wooden_shovel":65,"toughasnails:leaf_boots":1,"toughasnails:water_canteen":3,"minecraft:torch":4,"minecraft:dirt":63,"minecraft:crafting_table":3,"minecraft:wooden_axe":85,"toughasnails:leaf_chestplate":1,"minecraft:pink_bed":2,"minecraft:furnace":1},"minecraft:mined":{"botania:orange_mystical_flower":1,"minecraft:white_bed":1,"botania:orange_double_flower":1,"minecraft:pink_bed":1,"minecraft:cherry_log":51,"minecraft:crafting_table":1,"minecraft:grass_block":61,"minecraft:tall_grass":20,"minecraft:sugar_cane":4,"minecraft:pink_petals":27,"minecraft:birch_log":42,"cobblemon:razz_berry":2,"minecraft:azure_bluet":3,"minecraft:grass":36,"minecraft:dirt":17,"minecraft:stone":190},"minecraft:killed":{"minecraft:pig":2,"minecraft:squid":1,"minecraft:sheep":2,"naturalist:finch":1,"minecraft:chicken":3,"minecraft:cow":4},"minecraft:crafted":{"minecraft:cherry_planks":76,"minecraft:wooden_shovel":1,"minecraft:crafting_table":2,"minecraft:pink_bed":1,"minecraft:wooden_pickaxe":1,"minecraft:furnace":1,"minecraft:copper_ingot":64,"minecraft:birch_planks":8,"minecraft:pink_dye":1,"minecraft:cooked_mutton":1,"minecraft:air":0,"minecraft:charcoal":32,"minecraft:stick":8,"minecraft:stone_pickaxe":4,"minecraft:wooden_axe":2,"minecraft:stone_sword":1,"minecraft:chest":2,"minecraft:torch":4},"minecraft:broken":{"minecraft:stone_pickaxe":1,"minecraft:wooden_shovel":1,"toughasnails:water_canteen":1},"minecraft:custom":{"minecraft:interact_with_furnace":24,"minecraft:mob_kills":13,"minecraft:interact_with_crafting_table":23,"minecraft:leave_game":1,"minecraft:time_since_death":60312,"minecraft:sleep_in_bed":4,"minecraft:time_since_rest":13839,"minecraft:sprint_one_cm":56731,"minecraft:damage_taken":137,"minecraft:walk_one_cm":175565,"minecraft:drop":2,"minecraft:damage_dealt":1175,"minecraft:swim_one_cm":2501,"minecraft:fly_one_cm":43853,"minecraft:player_kills":1,"minecraft:open_chest":14,"minecraft:crouch_one_cm":2302,"minecraft:play_time":60312,"minecraft:sneak_time":456,"minecraft:walk_under_water_one_cm":4351,"minecraft:jump":509,"minecraft:interact_with_blast_furnace":3,"minecraft:walk_on_water_one_cm":2105,"minecraft:total_world_time":60312,"minecraft:fall_one_cm":9745}},"DataVersion":3465}