{"stats":{"minecraft:killed_by":{"mca:female_zombie_villager":1,"endermanoverhaul:cave_enderman":1,"minecraft:creeper":3,"minecraft:pillager":1,"minecraft:enderman":1,"minecraft:skeleton":7,"minecraft:zombie":1},"minecraft:mined":{"minecraft:tuff":20,"farmersdelight:onions":7,"minecraft:white_bed":1,"minecraft:pink_bed":3,"botania:orange_double_flower":1,"minecraft:cherry_log":51,"minecraft:grass_block":288,"farmersdelight:tomatoes":13,"minecraft:cartography_table":3,"minecraft:kelp":5,"minecraft:furnace":1,"minecraft:carrots":23,"minecraft:iron_ore":17,"minecraft:barrel":2,"minecraft:snow":18,"cobblemon:razz_berry":2,"cobblemon:black_apricorn":1,"minecraft:azure_bluet":3,"minecraft:potatoes":33,"minecraft:cave_vines":1,"minecraft:dirt_path":9,"minecraft:stone":326,"botania:orange_mystical_flower":1,"jeg:scrap_ore":16,"minecraft:kelp_plant":17,"minecraft:clay":8,"minecraft:crafting_table":2,"minecraft:torch":4,"minecraft:blast_furnace":2,"minecraft:chest":4,"minecraft:cobblestone":5,"minecraft:tall_grass":51,"minecraft:copper_ore":4,"theurgy:sal_ammoniac_ore":14,"minecraft:deepslate_gold_ore":10,"minecraft:sugar_cane":4,"minecraft:diorite":6,"minecraft:pink_petals":81,"minecraft:birch_log":42,"minecraft:wheat":29,"minecraft:ice":19,"minecraft:magenta_bed":1,"minecraft:birch_leaves":1,"minecraft:grass":109,"minecraft:coal_ore":89,"minecraft:cherry_leaves":28,"minecraft:dirt":214,"minecraft:oak_leaves":5,"minecraft:deepslate":82},"minecraft:picked_up":{"minecraft:wooden_axe":2,"toughasnails:leaf_leggings":5,"sereneseasons:calendar":2,"minecraft:charcoal":12,"minecraft:crafting_table":2,"minecraft:wheat":31,"minecraft:azure_bluet":6,"minecraft:chicken":4,"minecraft:clay_ball":74,"minecraft:wooden_pickaxe":1,"minecraft:enchanted_book":2,"minecraft:raw_copper":43,"minecraft:cartography_table":3,"minecraft:gold_nugget":14,"minecraft:cobbled_deepslate":153,"toughasnails:leaf_boots":1,"minecraft:beef":9,"cobblemon:oran_berry":4,"minecraft:iron_pickaxe":1,"farmersdelight:golden_knife":1,"minecraft:light_gray_wool":2,"minecraft:birch_sapling":26,"minecraft:sugar_cane":14,"minecraft:chest":4,"minecraft:furnace":3,"minecraft:egg":2,"minecraft:stick":37,"minecraft:raw_iron":17,"farmersdelight:rotten_tomato":1,"minecraft:big_dripleaf":4,"minecraft:torch":35,"minecraft:fire_charge":1,"minecraft:porkchop":5,"farmersdelight:tomato_seeds":13,"minecraft:cherry_log":51,"tombstone:grave_dust":2,"minecraft:diorite":12,"minecraft:carrot":86,"minecraft:stone_shovel":1,"minecraft:stone_sword":1,"minecraft:arrow":12,"botania:orange_double_flower":2,"minecraft:golden_hoe":1,"farmersdelight:onion":31,"minecraft:shears":1,"minecraft:mutton":3,"minecraft:snowball":18,"minecraft:white_wool":2,"minecraft:cobblestone":453,"minecraft:birch_log":62,"occultism:datura_seeds":15,"minecraft:pink_petals":472,"minecraft:feather":14,"minecraft:cherry_leaves":30,"minecraft:leather":10,"minecraft:potato":61,"cobblemon:razz_berry":32,"toughasnails:leaf_helmet":1,"minecraft:tuff":40,"jeg:scrap":64,"minecraft:magenta_bed":1,"farmersdelight:tomato":25,"minecraft:dirt":560,"minecraft:lantern":1,"minecraft:bone":9,"theurgy:sal_ammoniac_crystal":26,"minecraft:kelp":30,"minecraft:iron_ingot":18,"cobblemon:black_apricorn":2,"minecraft:wheat_seeds":104,"minecraft:stone_pickaxe":1,"minecraft:cooked_chicken":1,"minecraft:raw_gold":24,"minecraft:stone_hoe":1,"jeg:tech_trash":6,"toughasnails:leaf_chestplate":1,"minecraft:pink_bed":3,"minecraft:cooked_porkchop":5,"minecraft:amethyst_shard":16,"cobblemon:persim_berry":38,"minecraft:blast_furnace":2,"minecraft:ink_sac":4,"minecraft:white_bed":1,"minecraft:barrel":2,"toughasnails:water_canteen":2,"tombstone:scroll_of_knowledge":1,"minecraft:chainmail_leggings":1,"botania:orange_mystical_flower":2,"minecraft:cherry_sapling":60,"minecraft:golden_apple":1,"cobblemon:chesto_berry":4,"minecraft:coal":158},"minecraft:killed":{"vampirism:vampire":1,"minecraft:chicken":4,"minecraft:pig":3,"minecraft:squid":1,"minecraft:sheep":2,"naturalist:finch":1,"minecraft:cow":5},"minecraft:crafted":{"minecraft:cherry_planks":76,"minecraft:stone_shovel":4,"minecraft:pink_bed":1,"minecraft:cooked_chicken":4,"minecraft:furnace":1,"minecraft:bone_meal":9,"minecraft:pink_dye":1,"toughasnails:leaf_leggings":1,"minecraft:cooked_mutton":1,"minecraft:cherry_trapdoor":6,"minecraft:stone_pickaxe":7,"minecraft:chest":5,"toughasnails:leaf_helmet":1,"minecraft:stone_hoe":3,"minecraft:cooked_beef":9,"toughasnails:leaf_boots":1,"minecraft:wooden_shovel":1,"minecraft:cooked_porkchop":5,"minecraft:crafting_table":2,"toughasnails:leaf_chestplate":1,"minecraft:wooden_pickaxe":2,"minecraft:copper_ingot":64,"minecraft:bucket":1,"minecraft:birch_planks":56,"minecraft:air":0,"minecraft:charcoal":32,"minecraft:birch_fence":12,"minecraft:stick":40,"minecraft:iron_ingot":17,"minecraft:wooden_axe":2,"minecraft:stone_sword":1,"minecraft:torch":36,"minecraft:shears":1},"minecraft:broken":{"toughasnails:leaf_leggings":1,"toughasnails:leaf_boots":2,"minecraft:wooden_shovel":1,"toughasnails:leaf_chestplate":2,"toughasnails:water_canteen":2,"minecraft:stone_hoe":1,"minecraft:stone_pickaxe":3,"toughasnails:purified_water_canteen":1,"toughasnails:leaf_helmet":2,"minecraft:stone_shovel":2},"minecraft:custom":{"minecraft:mob_kills":18,"minecraft:interact_with_crafting_table":44,"minecraft:open_barrel":17,"minecraft:leave_game":1,"minecraft:time_since_death":18810,"minecraft:climb_one_cm":8,"minecraft:sprint_one_cm":342358,"minecraft:walk_one_cm":585792,"minecraft:drop":25,"minecraft:play_time":209862,"minecraft:deaths":17,"minecraft:sneak_time":577,"minecraft:walk_under_water_one_cm":27200,"minecraft:jump":2234,"minecraft:interact_with_blast_furnace":12,"minecraft:walk_on_water_one_cm":68787,"minecraft:total_world_time":209862,"minecraft:interact_with_furnace":43,"minecraft:interact_with_cartography_table":2,"minecraft:sleep_in_bed":8,"minecraft:time_since_rest":6220,"minecraft:damage_taken":5055,"minecraft:damage_dealt":2250,"minecraft:swim_one_cm":159200,"minecraft:fly_one_cm":392979,"minecraft:player_kills":1,"minecraft:open_chest":122,"minecraft:crouch_one_cm":2689,"minecraft:fall_one_cm":56891},"minecraft:used":{"minecraft:stone_sword":77,"toughasnails:leaf_helmet":1,"minecraft:stone_shovel":405,"minecraft:chest":9,"minecraft:cooked_chicken":3,"minecraft:wooden_shovel":65,"toughasnails:leaf_boots":1,"minecraft:stone_hoe":132,"minecraft:torch":37,"minecraft:dirt":215,"warhammersmod:hammer_iron":4,"toughasnails:empty_canteen":3,"minecraft:carrot":31,"minecraft:wooden_axe":89,"minecraft:iron_axe":7,"minecraft:cherry_trapdoor":4,"farmersdelight:rotten_tomato":1,"minecraft:barrel":2,"minecraft:furnace":3,"tombstone:gift":6,"minecraft:egg":2,"minecraft:cooked_beef":9,"minecraft:potato":59,"farmersdelight:tomato_seeds":13,"minecraft:cobbled_deepslate":1,"minecraft:wheat_seeds":117,"minecraft:cooked_mutton":1,"minecraft:water_bucket":20,"toughasnails:leaf_leggings":2,"minecraft:stone_pickaxe":554,"minecraft:cartography_table":2,"minecraft:wooden_pickaxe":50,"minecraft:sugar_cane":2,"toughasnails:water_canteen":77,"farmersdelight:onion":8,"minecraft:crafting_table":4,"minecraft:magenta_bed":1,"minecraft:blast_furnace":2,"minecraft:shears":28,"minecraft:iron_pickaxe":11,"toughasnails:leaf_chestplate":1,"minecraft:pink_petals":1,"minecraft:pink_bed":4,"minecraft:cobblestone":5,"toughasnails:purified_water_canteen":9,"minecraft:bucket":20,"minecraft:bone_meal":24},"minecraft:dropped":{"minecraft:wheat_seeds":1,"minecraft:coal":1,"cobblemon:oran_berry":4,"toughasnails:leaf_leggings":3,"minecraft:chainmail_leggings":1,"jeg:tech_trash":6,"minecraft:bone":1,"minecraft:cobbled_deepslate":12,"fabledweaponry:mace_iron":1,"cobblemon:chesto_berry":4,"warhammersmod:hammer_iron":1,"fabledweaponry:maul_stone":1,"minecraft:arrow":3}},"DataVersion":3465}