{"stats":{"minecraft:picked_up":{"toughasnails:leaf_leggings":1,"minecraft:birch_log":42,"minecraft:pink_petals":129,"occultism:datura_seeds":1,"minecraft:crafting_table":1,"minecraft:feather":5,"minecraft:azure_bluet":3,"minecraft:chicken":3,"minecraft:leather":5,"cobblemon:razz_berry":16,"toughasnails:leaf_helmet":1,"minecraft:dirt":146,"minecraft:bone":4,"minecraft:wheat_seeds":24,"toughasnails:leaf_boots":1,"minecraft:beef":7,"minecraft:light_gray_wool":1,"minecraft:sugar_cane":8,"minecraft:birch_sapling":13,"minecraft:egg":1,"minecraft:furnace":1,"toughasnails:leaf_chestplate":1,"minecraft:pink_bed":1,"minecraft:stick":27,"minecraft:porkchop":3,"cobblemon:persim_berry":19,"minecraft:cherry_log":51,"minecraft:carrot":18,"minecraft:ink_sac":2,"minecraft:diorite":1,"minecraft:white_bed":1,"minecraft:arrow":2,"toughasnails:water_canteen":1,"botania:orange_double_flower":1,"botania:orange_mystical_flower":1,"minecraft:cherry_sapling":30,"sereneseasons:calendar":1,"minecraft:mutton":2,"minecraft:coal":39,"minecraft:white_wool":1,"minecraft:cobblestone":175},"minecraft:dropped":{"minecraft:wheat_seeds":1,"minecraft:coal":1},"minecraft:used":{"minecraft:cooked_mutton":1,"minecraft:water_bucket":7,"toughasnails:leaf_leggings":1,"minecraft:stone_sword":52,"toughasnails:leaf_helmet":1,"minecraft:stone_pickaxe":187,"minecraft:chest":2,"minecraft:wooden_pickaxe":50,"minecraft:sugar_cane":2,"minecraft:wooden_shovel":65,"toughasnails:leaf_boots":1,"minecraft:stone_hoe":32,"toughasnails:water_canteen":36,"minecraft:torch":4,"minecraft:dirt":124,"minecraft:crafting_table":3,"toughasnails:empty_canteen":1,"minecraft:carrot":31,"minecraft:wooden_axe":89,"toughasnails:leaf_chestplate":1,"minecraft:pink_bed":2,"minecraft:furnace":1,"minecraft:bucket":7,"toughasnails:purified_water_canteen":4,"minecraft:egg":1,"minecraft:cooked_beef":3,"minecraft:bone_meal":12,"minecraft:wheat_seeds":12},"minecraft:mined":{"botania:orange_mystical_flower":1,"minecraft:white_bed":1,"botania:orange_double_flower":1,"minecraft:pink_bed":1,"minecraft:cherry_log":51,"minecraft:crafting_table":1,"minecraft:grass_block":87,"minecraft:tall_grass":20,"minecraft:sugar_cane":4,"minecraft:diorite":1,"minecraft:pink_petals":32,"minecraft:carrots":5,"minecraft:birch_log":42,"cobblemon:razz_berry":2,"minecraft:azure_bluet":3,"minecraft:grass":68,"minecraft:coal_ore":39,"minecraft:dirt":41,"minecraft:stone":197},"minecraft:killed":{"minecraft:pig":2,"minecraft:squid":1,"minecraft:sheep":2,"naturalist:finch":1,"minecraft:chicken":3,"minecraft:cow":4},"minecraft:crafted":{"minecraft:cherry_planks":76,"minecraft:wooden_shovel":1,"minecraft:crafting_table":2,"minecraft:pink_bed":1,"minecraft:wooden_pickaxe":2,"minecraft:furnace":1,"minecraft:copper_ingot":64,"minecraft:bone_meal":9,"minecraft:bucket":1,"minecraft:birch_planks":8,"minecraft:pink_dye":1,"minecraft:cooked_mutton":1,"minecraft:air":0,"minecraft:charcoal":32,"minecraft:stick":8,"minecraft:stone_pickaxe":4,"minecraft:wooden_axe":2,"minecraft:stone_sword":1,"minecraft:chest":2,"minecraft:stone_hoe":1,"minecraft:torch":4,"minecraft:cooked_beef":4},"minecraft:broken":{"minecraft:stone_pickaxe":1,"minecraft:wooden_shovel":1,"toughasnails:water_canteen":1},"minecraft:custom":{"minecraft:interact_with_furnace":27,"minecraft:mob_kills":14,"minecraft:interact_with_crafting_table":26,"minecraft:leave_game":1,"minecraft:time_since_death":7672,"minecraft:sleep_in_bed":5,"minecraft:time_since_rest":7402,"minecraft:sprint_one_cm":82324,"minecraft:damage_taken":488,"minecraft:walk_one_cm":257067,"minecraft:drop":2,"minecraft:damage_dealt":1462,"minecraft:swim_one_cm":2501,"minecraft:fly_one_cm":74308,"minecraft:player_kills":1,"minecraft:open_chest":32,"minecraft:crouch_one_cm":2564,"minecraft:play_time":84312,"minecraft:deaths":1,"minecraft:sneak_time":490,"minecraft:walk_under_water_one_cm":4351,"minecraft:jump":724,"minecraft:interact_with_blast_furnace":3,"minecraft:walk_on_water_one_cm":3805,"minecraft:total_world_time":84312,"minecraft:fall_one_cm":15032},"minecraft:killed_by":{"minecraft:skeleton":1}},"DataVersion":3465}