{"stats":{"minecraft:killed_by":{"mca:female_zombie_villager":1,"endermanoverhaul:cave_enderman":1,"minecraft:creeper":3,"minecraft:pillager":1,"minecraft:enderman":1,"minecraft:skeleton":7,"minecraft:zombie":1},"minecraft:mined":{"minecraft:tuff":20,"farmersdelight:onions":7,"minecraft:white_bed":1,"minecraft:farmland":1,"minecraft:pink_bed":3,"botania:orange_double_flower":1,"minecraft:cherry_log":67,"minecraft:grass_block":633,"farmersdelight:tomatoes":13,"minecraft:cartography_table":4,"minecraft:kelp":5,"minecraft:furnace":1,"minecraft:carrots":25,"minecraft:iron_ore":25,"minecraft:barrel":2,"minecraft:snow":36,"cobblemon:razz_berry":2,"cobblemon:black_apricorn":1,"minecraft:azure_bluet":3,"minecraft:potatoes":46,"minecraft:cave_vines":1,"minecraft:dirt_path":14,"minecraft:stone":733,"botania:orange_mystical_flower":1,"jeg:scrap_ore":16,"minecraft:kelp_plant":17,"minecraft:clay":8,"minecraft:crafting_table":2,"minecraft:torch":10,"minecraft:blast_furnace":2,"minecraft:chest":4,"minecraft:cobblestone":5,"minecraft:tall_grass":51,"minecraft:copper_ore":4,"theurgy:sal_ammoniac_ore":14,"minecraft:deepslate_gold_ore":10,"minecraft:sugar_cane":4,"minecraft:diorite":6,"minecraft:wall_torch":1,"minecraft:pink_petals":94,"minecraft:spruce_stairs":8,"minecraft:birch_log":42,"minecraft:wheat":39,"minecraft:ice":20,"minecraft:magenta_bed":1,"minecraft:spruce_log":65,"minecraft:birch_leaves":1,"minecraft:grass":125,"minecraft:coal_ore":105,"minecraft:cherry_leaves":28,"minecraft:dirt":720,"minecraft:oak_leaves":5,"minecraft:deepslate":82},"minecraft:picked_up":{"minecraft:wooden_axe":2,"toughasnails:leaf_leggings":5,"sereneseasons:calendar":2,"minecraft:charcoal":12,"minecraft:crafting_table":2,"minecraft:wheat":41,"minecraft:azure_bluet":6,"minecraft:chicken":4,"minecraft:clay_ball":74,"minecraft:wooden_pickaxe":1,"minecraft:enchanted_book":2,"minecraft:raw_copper":43,"minecraft:cartography_table":4,"minecraft:gold_nugget":14,"minecraft:cobbled_deepslate":153,"toughasnails:leaf_boots":1,"minecraft:beef":9,"cobblemon:oran_berry":4,"minecraft:iron_pickaxe":1,"farmersdelight:golden_knife":1,"minecraft:light_gray_wool":2,"minecraft:birch_sapling":26,"minecraft:sugar_cane":14,"minecraft:chest":4,"minecraft:furnace":3,"minecraft:egg":2,"minecraft:stick":41,"minecraft:raw_iron":25,"farmersdelight:rotten_tomato":1,"minecraft:big_dripleaf":4,"minecraft:torch":51,"minecraft:spruce_stairs":8,"minecraft:fire_charge":1,"minecraft:porkchop":5,"farmersdelight:tomato_seeds":13,"minecraft:cherry_log":67,"tombstone:grave_dust":2,"minecraft:diorite":12,"minecraft:carrot":96,"minecraft:stone_shovel":1,"minecraft:stone_sword":1,"minecraft:arrow":14,"botania:orange_double_flower":2,"minecraft:golden_hoe":1,"farmersdelight:onion":31,"minecraft:shears":1,"minecraft:mutton":3,"minecraft:snowball":36,"minecraft:white_wool":2,"minecraft:cobblestone":855,"minecraft:birch_log":62,"occultism:datura_seeds":16,"minecraft:pink_petals":643,"minecraft:feather":14,"minecraft:cherry_leaves":30,"minecraft:leather":10,"minecraft:potato":102,"cobblemon:razz_berry":32,"toughasnails:leaf_helmet":1,"minecraft:tuff":40,"jeg:scrap":64,"minecraft:magenta_bed":1,"farmersdelight:tomato":25,"minecraft:dirt":1392,"minecraft:lantern":1,"minecraft:bone":11,"theurgy:sal_ammoniac_crystal":26,"minecraft:kelp":30,"minecraft:iron_ingot":18,"cobblemon:black_apricorn":2,"minecraft:wheat_seeds":138,"minecraft:stone_pickaxe":1,"minecraft:cooked_chicken":1,"minecraft:raw_gold":24,"minecraft:stone_hoe":1,"jeg:tech_trash":6,"toughasnails:leaf_chestplate":1,"minecraft:pink_bed":3,"minecraft:cooked_porkchop":5,"minecraft:amethyst_shard":16,"minecraft:spruce_sapling":4,"cobblemon:persim_berry":38,"minecraft:blast_furnace":2,"minecraft:ink_sac":4,"minecraft:white_bed":1,"minecraft:spruce_log":65,"minecraft:barrel":2,"toughasnails:water_canteen":2,"tombstone:scroll_of_knowledge":1,"minecraft:chainmail_leggings":1,"botania:orange_mystical_flower":2,"minecraft:cherry_sapling":63,"minecraft:golden_apple":1,"minecraft:bread":3,"cobblemon:chesto_berry":4,"minecraft:coal":174},"minecraft:killed":{"vampirism:vampire":1,"minecraft:chicken":4,"minecraft:pig":3,"minecraft:squid":1,"minecraft:sheep":2,"naturalist:finch":1,"minecraft:cow":5},"minecraft:crafted":{"minecraft:cherry_planks":140,"minecraft:stone_shovel":10,"minecraft:pink_bed":2,"minecraft:cooked_chicken":4,"minecraft:furnace":1,"minecraft:bone_meal":12,"minecraft:pink_dye":1,"toughasnails:leaf_leggings":1,"minecraft:cooked_mutton":2,"minecraft:cherry_trapdoor":14,"minecraft:spruce_stairs":16,"minecraft:stone_pickaxe":11,"minecraft:chest":5,"toughasnails:leaf_helmet":1,"minecraft:stone_hoe":3,"minecraft:cooked_beef":19,"toughasnails:leaf_boots":1,"minecraft:wooden_shovel":1,"minecraft:cooked_porkchop":5,"minecraft:crafting_table":2,"toughasnails:leaf_chestplate":1,"minecraft:spruce_planks":28,"minecraft:wooden_pickaxe":2,"minecraft:copper_ingot":64,"minecraft:bucket":1,"minecraft:birch_planks":64,"minecraft:stone_axe":2,"minecraft:bread":13,"minecraft:air":0,"minecraft:charcoal":32,"minecraft:birch_fence":12,"minecraft:stick":56,"minecraft:iron_ingot":17,"minecraft:wooden_axe":2,"minecraft:stone_sword":1,"minecraft:white_bed":1,"minecraft:torch":36,"minecraft:shears":1},"minecraft:broken":{"toughasnails:leaf_leggings":1,"toughasnails:leaf_boots":2,"minecraft:wooden_shovel":1,"toughasnails:leaf_chestplate":2,"toughasnails:water_canteen":3,"minecraft:stone_hoe":3,"minecraft:stone_pickaxe":6,"toughasnails:purified_water_canteen":1,"toughasnails:leaf_helmet":2,"minecraft:stone_shovel":9},"minecraft:custom":{"minecraft:mob_kills":18,"minecraft:interact_with_crafting_table":59,"minecraft:open_barrel":21,"minecraft:leave_game":2,"minecraft:time_since_death":79803,"minecraft:climb_one_cm":8,"minecraft:sprint_one_cm":477492,"minecraft:walk_one_cm":888415,"minecraft:drop":31,"minecraft:play_time":311527,"minecraft:deaths":19,"minecraft:sneak_time":882,"minecraft:walk_under_water_one_cm":27200,"minecraft:jump":2987,"minecraft:interact_with_blast_furnace":14,"minecraft:walk_on_water_one_cm":68930,"minecraft:total_world_time":311527,"minecraft:interact_with_furnace":54,"minecraft:interact_with_cartography_table":2,"minecraft:sleep_in_bed":15,"minecraft:time_since_rest":14285,"minecraft:damage_taken":5730,"minecraft:damage_dealt":2414,"minecraft:swim_one_cm":159200,"minecraft:fly_one_cm":515938,"minecraft:player_kills":1,"minecraft:open_chest":197,"minecraft:crouch_one_cm":3640,"minecraft:fall_one_cm":77185},"minecraft:used":{"minecraft:stone_sword":77,"toughasnails:leaf_helmet":1,"minecraft:stone_shovel":1298,"minecraft:chest":9,"minecraft:cooked_chicken":3,"minecraft:wooden_shovel":65,"toughasnails:leaf_boots":1,"minecraft:stone_hoe":397,"minecraft:torch":58,"minecraft:dirt":1040,"warhammersmod:hammer_iron":4,"toughasnails:empty_canteen":4,"minecraft:spruce_stairs":18,"minecraft:carrot":152,"minecraft:snowball":17,"minecraft:wooden_axe":89,"minecraft:iron_axe":7,"minecraft:cherry_trapdoor":8,"farmersdelight:rotten_tomato":1,"minecraft:barrel":2,"minecraft:furnace":3,"tombstone:gift":6,"minecraft:egg":3,"minecraft:cooked_beef":12,"minecraft:potato":132,"farmersdelight:tomato_seeds":65,"minecraft:cobbled_deepslate":1,"minecraft:wheat_seeds":127,"minecraft:cooked_mutton":2,"minecraft:water_bucket":28,"toughasnails:leaf_leggings":2,"minecraft:stone_pickaxe":986,"minecraft:cartography_table":4,"minecraft:wooden_pickaxe":50,"minecraft:sugar_cane":2,"toughasnails:water_canteen":82,"farmersdelight:onion":8,"minecraft:crafting_table":4,"minecraft:magenta_bed":1,"minecraft:blast_furnace":2,"minecraft:shears":28,"minecraft:iron_pickaxe":11,"minecraft:spruce_sapling":4,"toughasnails:leaf_chestplate":1,"minecraft:stone_axe":130,"minecraft:pink_petals":1,"minecraft:pink_bed":5,"minecraft:cobblestone":31,"toughasnails:purified_water_canteen":12,"minecraft:bucket":28,"minecraft:bone_meal":54},"minecraft:dropped":{"minecraft:bread":6,"minecraft:wheat_seeds":1,"minecraft:coal":1,"cobblemon:oran_berry":4,"toughasnails:leaf_leggings":3,"minecraft:chainmail_leggings":1,"jeg:tech_trash":6,"minecraft:bone":1,"minecraft:cobbled_deepslate":12,"fabledweaponry:mace_iron":1,"cobblemon:chesto_berry":4,"warhammersmod:hammer_iron":1,"fabledweaponry:maul_stone":1,"minecraft:arrow":3}},"DataVersion":3465}