{"stats":{"minecraft:killed_by":{"endermanoverhaul:cave_enderman":1,"minecraft:creeper":3,"minecraft:enderman":1,"minecraft:skeleton":7,"minecraft:zombie":1},"minecraft:mined":{"minecraft:tuff":20,"minecraft:white_bed":1,"minecraft:pink_bed":3,"botania:orange_double_flower":1,"minecraft:cherry_log":51,"minecraft:grass_block":155,"minecraft:cartography_table":1,"minecraft:kelp":5,"minecraft:carrots":5,"minecraft:iron_ore":17,"minecraft:barrel":1,"cobblemon:razz_berry":2,"cobblemon:black_apricorn":1,"minecraft:azure_bluet":3,"minecraft:potatoes":5,"minecraft:cave_vines":1,"minecraft:stone":326,"botania:orange_mystical_flower":1,"jeg:scrap_ore":16,"minecraft:kelp_plant":17,"minecraft:clay":8,"minecraft:crafting_table":1,"minecraft:torch":4,"minecraft:blast_furnace":1,"minecraft:chest":1,"minecraft:tall_grass":51,"minecraft:copper_ore":4,"theurgy:sal_ammoniac_ore":14,"minecraft:deepslate_gold_ore":10,"minecraft:sugar_cane":4,"minecraft:diorite":6,"minecraft:pink_petals":55,"minecraft:birch_log":42,"minecraft:wheat":16,"minecraft:magenta_bed":1,"minecraft:birch_leaves":1,"minecraft:grass":105,"minecraft:coal_ore":89,"minecraft:cherry_leaves":28,"minecraft:dirt":143,"minecraft:oak_leaves":5,"minecraft:deepslate":82},"minecraft:picked_up":{"toughasnails:leaf_leggings":4,"sereneseasons:calendar":1,"minecraft:crafting_table":1,"minecraft:wheat":13,"minecraft:azure_bluet":3,"minecraft:chicken":4,"minecraft:clay_ball":37,"minecraft:raw_copper":30,"minecraft:cartography_table":1,"minecraft:cobbled_deepslate":77,"toughasnails:leaf_boots":1,"minecraft:beef":9,"cobblemon:oran_berry":4,"minecraft:light_gray_wool":1,"minecraft:birch_sapling":13,"minecraft:sugar_cane":8,"minecraft:chest":1,"minecraft:furnace":1,"minecraft:egg":2,"minecraft:stick":27,"minecraft:raw_iron":17,"minecraft:big_dripleaf":2,"minecraft:torch":4,"minecraft:porkchop":5,"minecraft:cherry_log":51,"minecraft:diorite":6,"minecraft:carrot":18,"minecraft:arrow":4,"botania:orange_double_flower":1,"farmersdelight:onion":7,"minecraft:mutton":2,"minecraft:white_wool":1,"minecraft:cobblestone":294,"minecraft:birch_log":42,"occultism:datura_seeds":8,"minecraft:pink_petals":231,"minecraft:feather":7,"minecraft:cherry_leaves":27,"minecraft:leather":5,"minecraft:potato":19,"cobblemon:razz_berry":16,"toughasnails:leaf_helmet":1,"minecraft:tuff":20,"jeg:scrap":32,"minecraft:magenta_bed":1,"farmersdelight:tomato":3,"minecraft:dirt":323,"minecraft:lantern":1,"minecraft:bone":7,"theurgy:sal_ammoniac_crystal":13,"minecraft:kelp":15,"cobblemon:black_apricorn":1,"minecraft:wheat_seeds":58,"minecraft:raw_gold":10,"jeg:tech_trash":6,"toughasnails:leaf_chestplate":1,"minecraft:pink_bed":3,"cobblemon:persim_berry":19,"minecraft:blast_furnace":1,"minecraft:ink_sac":2,"minecraft:white_bed":1,"minecraft:barrel":1,"toughasnails:water_canteen":1,"minecraft:chainmail_leggings":1,"botania:orange_mystical_flower":1,"minecraft:cherry_sapling":30,"cobblemon:chesto_berry":4,"minecraft:coal":89},"minecraft:killed":{"vampirism:vampire":1,"minecraft:chicken":4,"minecraft:pig":3,"minecraft:squid":1,"minecraft:sheep":2,"naturalist:finch":1,"minecraft:cow":5},"minecraft:crafted":{"minecraft:cherry_planks":76,"minecraft:stone_shovel":3,"minecraft:pink_bed":1,"minecraft:cooked_chicken":4,"minecraft:furnace":1,"minecraft:bone_meal":9,"minecraft:pink_dye":1,"toughasnails:leaf_leggings":1,"minecraft:cooked_mutton":1,"minecraft:stone_pickaxe":7,"minecraft:chest":2,"toughasnails:leaf_helmet":1,"minecraft:stone_hoe":1,"minecraft:cooked_beef":9,"toughasnails:leaf_boots":1,"minecraft:wooden_shovel":1,"minecraft:cooked_porkchop":5,"minecraft:crafting_table":2,"toughasnails:leaf_chestplate":1,"minecraft:wooden_pickaxe":2,"minecraft:copper_ingot":64,"minecraft:bucket":1,"minecraft:birch_planks":8,"minecraft:air":0,"minecraft:charcoal":32,"minecraft:stick":20,"minecraft:iron_ingot":17,"minecraft:wooden_axe":2,"minecraft:stone_sword":1,"minecraft:torch":36,"minecraft:shears":1},"minecraft:broken":{"toughasnails:leaf_leggings":1,"toughasnails:leaf_boots":2,"minecraft:wooden_shovel":1,"toughasnails:leaf_chestplate":2,"toughasnails:water_canteen":2,"minecraft:stone_pickaxe":3,"toughasnails:purified_water_canteen":1,"toughasnails:leaf_helmet":2,"minecraft:stone_shovel":1},"minecraft:custom":{"minecraft:mob_kills":18,"minecraft:interact_with_crafting_table":37,"minecraft:open_barrel":12,"minecraft:leave_game":1,"minecraft:time_since_death":17918,"minecraft:climb_one_cm":8,"minecraft:sprint_one_cm":308414,"minecraft:walk_one_cm":450726,"minecraft:drop":21,"minecraft:play_time":173862,"minecraft:deaths":15,"minecraft:sneak_time":536,"minecraft:walk_under_water_one_cm":27200,"minecraft:jump":1973,"minecraft:interact_with_blast_furnace":11,"minecraft:walk_on_water_one_cm":67352,"minecraft:total_world_time":173862,"minecraft:interact_with_furnace":39,"minecraft:interact_with_cartography_table":1,"minecraft:sleep_in_bed":6,"minecraft:time_since_rest":17875,"minecraft:damage_taken":4623,"minecraft:damage_dealt":2203,"minecraft:swim_one_cm":159200,"minecraft:fly_one_cm":348785,"minecraft:player_kills":1,"minecraft:open_chest":68,"minecraft:crouch_one_cm":2620,"minecraft:fall_one_cm":50050},"minecraft:used":{"minecraft:stone_sword":77,"toughasnails:leaf_helmet":1,"minecraft:stone_shovel":150,"minecraft:chest":3,"minecraft:cooked_chicken":3,"minecraft:wooden_shovel":65,"toughasnails:leaf_boots":1,"minecraft:stone_hoe":78,"minecraft:torch":30,"minecraft:dirt":193,"warhammersmod:hammer_iron":4,"toughasnails:empty_canteen":3,"minecraft:carrot":31,"minecraft:wooden_axe":89,"minecraft:barrel":1,"minecraft:furnace":1,"tombstone:gift":6,"minecraft:egg":2,"minecraft:cooked_beef":9,"minecraft:potato":23,"farmersdelight:tomato_seeds":13,"minecraft:cobbled_deepslate":1,"minecraft:wheat_seeds":29,"minecraft:cooked_mutton":1,"minecraft:water_bucket":11,"toughasnails:leaf_leggings":2,"minecraft:stone_pickaxe":543,"minecraft:cartography_table":1,"minecraft:wooden_pickaxe":50,"minecraft:sugar_cane":2,"toughasnails:water_canteen":77,"farmersdelight:onion":8,"minecraft:crafting_table":3,"minecraft:magenta_bed":1,"minecraft:blast_furnace":1,"minecraft:shears":28,"minecraft:iron_pickaxe":11,"toughasnails:leaf_chestplate":1,"minecraft:pink_petals":1,"minecraft:pink_bed":4,"toughasnails:purified_water_canteen":9,"minecraft:bucket":11,"minecraft:bone_meal":24},"minecraft:dropped":{"minecraft:wheat_seeds":1,"minecraft:coal":1,"cobblemon:oran_berry":4,"toughasnails:leaf_leggings":3,"minecraft:chainmail_leggings":1,"jeg:tech_trash":6,"fabledweaponry:mace_iron":1,"cobblemon:chesto_berry":4,"warhammersmod:hammer_iron":1,"fabledweaponry:maul_stone":1}},"DataVersion":3465}