{"stats":{"minecraft:picked_up":{"toughasnails:leaf_leggings":1,"minecraft:birch_log":42,"minecraft:pink_petals":182,"occultism:datura_seeds":7,"minecraft:crafting_table":1,"minecraft:feather":7,"minecraft:azure_bluet":3,"minecraft:cherry_leaves":27,"minecraft:chicken":4,"minecraft:leather":5,"cobblemon:razz_berry":16,"toughasnails:leaf_helmet":1,"minecraft:dirt":158,"minecraft:bone":4,"minecraft:wheat_seeds":32,"toughasnails:leaf_boots":1,"minecraft:beef":9,"cobblemon:oran_berry":4,"minecraft:light_gray_wool":1,"minecraft:sugar_cane":8,"minecraft:birch_sapling":13,"minecraft:egg":2,"minecraft:furnace":1,"toughasnails:leaf_chestplate":1,"minecraft:pink_bed":2,"minecraft:stick":27,"minecraft:raw_iron":1,"minecraft:torch":3,"minecraft:porkchop":5,"cobblemon:persim_berry":19,"minecraft:cherry_log":51,"minecraft:carrot":18,"minecraft:ink_sac":2,"minecraft:diorite":1,"minecraft:white_bed":1,"minecraft:arrow":2,"toughasnails:water_canteen":1,"botania:orange_double_flower":1,"botania:orange_mystical_flower":1,"minecraft:cherry_sapling":30,"sereneseasons:calendar":1,"minecraft:mutton":2,"minecraft:coal":79,"minecraft:white_wool":1,"minecraft:cobblestone":185},"minecraft:dropped":{"minecraft:wheat_seeds":1,"fabledweaponry:mace_iron":1,"warhammersmod:hammer_iron":1,"minecraft:coal":1,"cobblemon:oran_berry":4,"fabledweaponry:maul_stone":1},"minecraft:used":{"minecraft:cooked_mutton":1,"minecraft:water_bucket":11,"toughasnails:leaf_leggings":1,"minecraft:stone_sword":77,"toughasnails:leaf_helmet":1,"minecraft:stone_pickaxe":234,"minecraft:chest":2,"minecraft:wooden_pickaxe":50,"minecraft:sugar_cane":2,"minecraft:wooden_shovel":65,"toughasnails:leaf_boots":1,"minecraft:stone_hoe":52,"toughasnails:water_canteen":36,"minecraft:torch":12,"minecraft:dirt":124,"warhammersmod:hammer_iron":4,"minecraft:crafting_table":3,"toughasnails:empty_canteen":1,"minecraft:carrot":31,"minecraft:shears":28,"minecraft:wooden_axe":89,"toughasnails:leaf_chestplate":1,"minecraft:pink_bed":2,"minecraft:furnace":1,"minecraft:bucket":11,"toughasnails:purified_water_canteen":4,"tombstone:gift":6,"minecraft:egg":2,"minecraft:cooked_beef":6,"farmersdelight:tomato_seeds":10,"minecraft:bone_meal":12,"minecraft:wheat_seeds":24},"minecraft:mined":{"botania:orange_mystical_flower":1,"minecraft:white_bed":1,"botania:orange_double_flower":1,"minecraft:pink_bed":2,"minecraft:cherry_log":51,"minecraft:crafting_table":1,"minecraft:torch":3,"minecraft:grass_block":99,"minecraft:tall_grass":51,"minecraft:sugar_cane":4,"minecraft:diorite":1,"minecraft:pink_petals":51,"minecraft:carrots":5,"minecraft:iron_ore":1,"minecraft:birch_log":42,"cobblemon:razz_berry":2,"minecraft:azure_bluet":3,"minecraft:grass":103,"minecraft:coal_ore":79,"minecraft:cherry_leaves":28,"minecraft:dirt":42,"minecraft:stone":207},"minecraft:killed":{"minecraft:pig":3,"minecraft:squid":1,"minecraft:sheep":2,"naturalist:finch":1,"minecraft:chicken":4,"minecraft:cow":5},"minecraft:crafted":{"minecraft:cherry_planks":76,"toughasnails:leaf_boots":1,"minecraft:wooden_shovel":1,"minecraft:cooked_porkchop":5,"toughasnails:leaf_chestplate":1,"minecraft:crafting_table":2,"minecraft:cooked_chicken":4,"minecraft:pink_bed":1,"minecraft:wooden_pickaxe":2,"minecraft:furnace":1,"minecraft:copper_ingot":64,"minecraft:bone_meal":9,"minecraft:bucket":1,"minecraft:birch_planks":8,"minecraft:pink_dye":1,"toughasnails:leaf_leggings":1,"minecraft:cooked_mutton":1,"minecraft:air":0,"minecraft:charcoal":32,"minecraft:stick":8,"minecraft:stone_pickaxe":4,"minecraft:wooden_axe":2,"minecraft:stone_sword":1,"minecraft:chest":2,"toughasnails:leaf_helmet":1,"minecraft:stone_hoe":1,"minecraft:torch":36,"minecraft:shears":1,"minecraft:cooked_beef":9},"minecraft:broken":{"minecraft:stone_pickaxe":1,"toughasnails:leaf_leggings":1,"toughasnails:leaf_boots":1,"minecraft:wooden_shovel":1,"toughasnails:leaf_chestplate":1,"toughasnails:leaf_helmet":1,"toughasnails:water_canteen":1},"minecraft:custom":{"minecraft:interact_with_furnace":35,"minecraft:mob_kills":17,"minecraft:interact_with_crafting_table":32,"minecraft:leave_game":1,"minecraft:time_since_death":14893,"minecraft:sleep_in_bed":5,"minecraft:time_since_rest":14287,"minecraft:sprint_one_cm":166965,"minecraft:damage_taken":1251,"minecraft:walk_one_cm":312328,"minecraft:drop":9,"minecraft:damage_dealt":1987,"minecraft:swim_one_cm":12588,"minecraft:fly_one_cm":177064,"minecraft:player_kills":1,"minecraft:open_chest":49,"minecraft:crouch_one_cm":2620,"minecraft:play_time":108312,"minecraft:deaths":4,"minecraft:sneak_time":524,"minecraft:walk_under_water_one_cm":4480,"minecraft:jump":1124,"minecraft:interact_with_blast_furnace":4,"minecraft:walk_on_water_one_cm":9354,"minecraft:total_world_time":108312,"minecraft:fall_one_cm":25906},"minecraft:killed_by":{"minecraft:skeleton":3,"minecraft:enderman":1}},"DataVersion":3465}