{"stats":{"minecraft:picked_up":{"toughasnails:leaf_chestplate":1,"occultism:datura_seeds":1,"minecraft:stick":20,"minecraft:crafting_table":1,"minecraft:azure_bluet":3,"toughasnails:leaf_helmet":1,"minecraft:cherry_log":51,"minecraft:white_bed":1,"minecraft:dirt":76,"minecraft:bone":2,"minecraft:arrow":2,"toughasnails:water_canteen":1,"minecraft:wheat_seeds":6,"toughasnails:leaf_boots":1,"minecraft:cherry_sapling":30,"minecraft:cobblestone":168,"minecraft:mutton":1,"minecraft:white_wool":1,"minecraft:furnace":1,"minecraft:pink_bed":1,"toughasnails:leaf_leggings":1,"minecraft:pink_petals":97},"minecraft:dropped":{"minecraft:wheat_seeds":1,"minecraft:coal":1},"minecraft:used":{"minecraft:wooden_axe":41,"toughasnails:leaf_leggings":1,"toughasnails:leaf_helmet":1,"minecraft:stone_pickaxe":187,"minecraft:chest":2,"minecraft:wooden_pickaxe":3,"toughasnails:leaf_chestplate":1,"toughasnails:leaf_boots":1,"minecraft:wooden_shovel":65,"toughasnails:water_canteen":3,"minecraft:pink_bed":2,"minecraft:torch":4,"minecraft:dirt":63,"minecraft:crafting_table":2,"minecraft:furnace":1,"minecraft:cooked_mutton":1},"minecraft:mined":{"minecraft:pink_petals":27,"minecraft:white_bed":1,"minecraft:pink_bed":1,"minecraft:cherry_log":51,"minecraft:crafting_table":1,"minecraft:azure_bluet":3,"minecraft:grass":22,"minecraft:grass_block":61,"minecraft:dirt":17,"minecraft:tall_grass":10,"minecraft:stone":190},"minecraft:crafted":{"minecraft:cherry_planks":76,"minecraft:wooden_shovel":1,"minecraft:charcoal":32,"minecraft:crafting_table":1,"minecraft:stick":4,"minecraft:pink_bed":1,"minecraft:wooden_pickaxe":1,"minecraft:stone_pickaxe":4,"minecraft:wooden_axe":1,"minecraft:chest":2,"minecraft:copper_ingot":64,"minecraft:torch":4,"minecraft:pink_dye":1,"minecraft:air":0,"minecraft:cooked_mutton":1},"minecraft:killed":{"minecraft:sheep":1},"minecraft:broken":{"minecraft:stone_pickaxe":1,"minecraft:wooden_shovel":1,"toughasnails:water_canteen":1},"minecraft:custom":{"minecraft:interact_with_furnace":23,"minecraft:sprint_one_cm":35376,"minecraft:damage_taken":127,"minecraft:walk_one_cm":97078,"minecraft:mob_kills":1,"minecraft:drop":2,"minecraft:damage_dealt":158,"minecraft:interact_with_crafting_table":16,"minecraft:fly_one_cm":38867,"minecraft:player_kills":1,"minecraft:open_chest":11,"minecraft:crouch_one_cm":1575,"minecraft:play_time":48312,"minecraft:sneak_time":369,"minecraft:jump":410,"minecraft:interact_with_blast_furnace":3,"minecraft:leave_game":1,"minecraft:time_since_death":48312,"minecraft:sleep_in_bed":4,"minecraft:total_world_time":48312,"minecraft:fall_one_cm":8663,"minecraft:time_since_rest":1839}},"DataVersion":3465}