{"stats":{"minecraft:picked_up":{"toughasnails:leaf_leggings":1,"minecraft:crafting_table":10,"cobblemon:leaf_stone":1,"minecraft:potion":1,"minecraft:enchanted_book":2,"botania:light_blue_double_flower":2,"cobblemon:wepear_berry":11,"minecraft:string":6,"minecraft:raw_copper":192,"cobblemon:lum_berry":1,"minecraft:wooden_sword":1,"cobblemon:white_apricorn":5,"botania:magenta_mystical_flower":3,"cobblemon:green_apricorn":14,"cobblemon:white_apricorn_seed":1,"toughasnails:leaf_boots":1,"minecraft:beef":3,"cobblemon:oran_berry":24,"cobblemon:big_root":12,"minecraft:chest":3,"cobblemon:green_apricorn_seed":4,"minecraft:egg":2,"minecraft:stick":30,"minecraft:raw_iron":54,"cobblemon:apricorn_log":47,"botania:cyan_double_flower":1,"minecraft:torch":12,"minecraft:cherry_log":10,"minecraft:diorite":12,"tombstone:grave_dust":2,"botania:white_mystical_flower":7,"minecraft:orange_bed":5,"cobblemon:dawn_stone":3,"minecraft:arrow":3,"vampirism:blood_bottle":1,"minecraft:rotten_flesh":10,"botania:orange_double_flower":2,"minecraft:hay_block":52,"botania:blue_mystical_flower":1,"artifacts:running_shoes":1,"cobblemon:verdant_ball":1,"minecraft:cobblestone":116,"botania:green_mystical_flower":3,"minecraft:mutton":2,"botania:magenta_double_flower":1,"cobblemon:blue_apricorn":10,"minecraft:white_wool":5,"minecraft:pink_petals":103,"occultism:datura_seeds":1,"botania:light_blue_petal":2,"minecraft:feather":1,"minecraft:cherry_leaves":55,"minecraft:andesite":4,"minecraft:brown_wool":2,"minecraft:leather":4,"toughasnails:leaf_helmet":1,"minecraft:oak_log":42,"minecraft:dirt":106,"cobblemon:pink_apricorn_seed":2,"botania:light_blue_mystical_flower":14,"minecraft:chipped_anvil":1,"botania:cyan_mystical_flower":8,"minecraft:apple":3,"botania:pink_mystical_flower":5,"minecraft:wheat_seeds":12,"guideapi_vp:vampirism-guidebook":1,"cobblemon:coba_berry":16,"botania:gray_mystical_flower":9,"toughasnails:leaf_chestplate":1,"botania:gray_double_flower":1,"botania:pink_double_flower":1,"minecraft:gravel":3,"cobblemon:cheri_berry":3,"minecraft:blast_furnace":2,"cobblemon:pink_apricorn":8,"minecraft:lily_of_the_valley":2,"cobblemon:aspear_berry":18,"minecraft:spider_eye":2,"minecraft:leather_helmet":1,"toughasnails:water_canteen":4,"botania:orange_mystical_flower":5,"minecraft:granite":8,"minecraft:cherry_sapling":5,"minecraft:bread":1,"cobblemon:medicinal_leek":24,"minecraft:oak_sapling":15,"minecraft:black_wool":2,"minecraft:coal":214,"minecraft:oak_leaves":10},"minecraft:dropped":{"minecraft:enchanted_book":1,"minecraft:bread":26,"toughasnails:water_canteen":4,"minecraft:wheat_seeds":9,"minecraft:feather":1,"minecraft:cobblestone":26,"minecraft:apple":2,"cobblemon:verdant_ball":4,"minecraft:diorite":2,"toughasnails:leaf_boots":1,"toughasnails:leaf_helmet":1,"toughasnails:leaf_leggings":1,"minecraft:orange_bed":1,"minecraft:string":4,"toughasnails:leaf_chestplate":1,"minecraft:raw_copper":64,"cobblemon:azure_ball":6,"minecraft:arrow":1,"minecraft:beef":1,"minecraft:oak_leaves":10},"minecraft:used":{"minecraft:stone_sword":145,"minecraft:stone_shovel":34,"minecraft:chest":13,"toughasnails:leaf_boots":1,"minecraft:wooden_shovel":7,"minecraft:orange_bed":4,"minecraft:torch":114,"minecraft:dirt":106,"toughasnails:empty_canteen":10,"minecraft:granite":7,"minecraft:wooden_axe":18,"minecraft:chipped_anvil":1,"cobblemon:pink_apricorn_seed":2,"minecraft:iron_boots":1,"minecraft:oak_sapling":5,"tombstone:gift":2,"minecraft:egg":2,"minecraft:diorite":8,"toughasnails:leaf_leggings":1,"minecraft:glass_bottle":2,"minecraft:stone_pickaxe":462,"minecraft:oak_planks":1,"occultism:datura_seeds":2,"minecraft:wooden_pickaxe":9,"minecraft:diamond_axe":89,"toughasnails:water_canteen":155,"minecraft:crafting_table":12,"minecraft:blast_furnace":2,"minecraft:white_bed":1,"cobblemon:white_apricorn_seed":1,"minecraft:shears":57,"cobblemon:green_apricorn_seed":4,"cobblemon:apricorn_log":5,"minecraft:bread":47,"toughasnails:leaf_chestplate":1,"minecraft:gravel":3,"minecraft:stone_axe":88,"minecraft:pink_petals":26,"minecraft:wooden_sword":39,"minecraft:cobblestone":72,"minecraft:potion":1,"toughasnails:purified_water_bottle":2,"minecraft:andesite":4},"minecraft:mined":{"minecraft:farmland":1,"botania:orange_double_flower":2,"cobblemon:dawn_stone_ore":1,"minecraft:cherry_log":10,"cobblemon:aspear_berry":2,"botania:pink_double_flower":1,"cobblemon:apricorn_log":47,"cobblemon:big_root":6,"minecraft:granite":8,"cobblemon:pink_apricorn":1,"minecraft:grass_block":33,"botania:cyan_double_flower":1,"minecraft:hay_block":52,"botania:magenta_mystical_flower":5,"minecraft:iron_ore":54,"minecraft:andesite":4,"botania:lime_double_flower":1,"cobblemon:medicinal_leek":5,"cobblemon:green_apricorn_sapling":1,"cobblemon:white_apricorn":1,"botania:brown_mystical_flower":4,"cobblemon:green_apricorn":1,"botania:light_blue_double_flower":2,"minecraft:stone":97,"botania:light_blue_mystical_flower":14,"minecraft:orange_bed":5,"botania:green_mystical_flower":3,"botania:lime_mystical_flower":5,"botania:orange_mystical_flower":5,"minecraft:lily_of_the_valley":2,"cobblemon:leaf_stone_ore":1,"minecraft:crafting_table":10,"minecraft:torch":6,"cobblemon:apricorn_leaves":2,"minecraft:blast_furnace":2,"minecraft:chest":3,"minecraft:copper_ore":47,"minecraft:tall_grass":11,"minecraft:cobblestone":18,"botania:blue_mystical_flower":1,"minecraft:oak_planks":1,"cobblemon:oran_berry":1,"minecraft:diorite":11,"minecraft:wall_torch":3,"minecraft:pink_petals":10,"botania:pink_mystical_flower":5,"botania:cyan_mystical_flower":8,"minecraft:grass":49,"minecraft:oak_log":39,"botania:white_mystical_flower":7,"minecraft:coal_ore":213,"botania:yellow_mystical_flower":7,"minecraft:cherry_leaves":57,"botania:gray_double_flower":1,"minecraft:gravel":3,"minecraft:dirt":28,"botania:gray_mystical_flower":10,"minecraft:chipped_anvil":1,"cobblemon:pink_apricorn_sapling":1,"minecraft:oak_leaves":1,"botania:magenta_double_flower":1},"minecraft:broken":{"toughasnails:leaf_leggings":1,"toughasnails:leaf_boots":1,"toughasnails:leaf_chestplate":1,"toughasnails:water_canteen":10,"minecraft:stone_pickaxe":3,"minecraft:wooden_sword":1,"toughasnails:leaf_helmet":1},"minecraft:killed":{"minecraft:witch":1,"vampirism:advanced_vampire":1,"minecraft:spider":4,"minecraft:horse":1,"vampirism:blinding_bat":1,"artifacts:mimic":1,"cobblemon:pokemon":1,"minecraft:sheep":2,"minecraft:zombie":7,"minecraft:cow":1},"minecraft:crafted":{"minecraft:oak_planks":20,"minecraft:stone_shovel":1,"cobblemon:apricorn_planks":24,"toughasnails:leaf_leggings":1,"minecraft:iron_boots":1,"botania:flower_bag":1,"minecraft:stone_pickaxe":5,"minecraft:chest":10,"toughasnails:leaf_helmet":1,"botania:light_blue_petal":2,"cobblemon:azure_ball":8,"minecraft:wheat":99,"toughasnails:leaf_boots":1,"minecraft:wooden_shovel":1,"minecraft:crafting_table":3,"toughasnails:leaf_chestplate":1,"cobblemon:verdant_ball":4,"minecraft:wooden_pickaxe":1,"minecraft:copper_ingot":64,"minecraft:stone_axe":1,"minecraft:bread":156,"cobblemon:heal_ball":8,"minecraft:string":8,"minecraft:iron_chestplate":1,"minecraft:white_wool":4,"minecraft:white_dye":2,"minecraft:stick":40,"minecraft:iron_ingot":56,"minecraft:wooden_axe":1,"minecraft:iron_leggings":1,"minecraft:stone_sword":2,"minecraft:gold_ingot":8,"minecraft:white_bed":1,"minecraft:torch":60,"toughasnails:empty_canteen":1},"minecraft:custom":{"minecraft:mob_kills":20,"minecraft:interact_with_crafting_table":43,"minecraft:open_barrel":6,"minecraft:damage_dealt_resisted":507,"minecraft:leave_game":1,"minecraft:time_since_death":52926,"minecraft:sprint_one_cm":819722,"minecraft:walk_one_cm":458237,"minecraft:drop":52,"minecraft:play_time":271067,"minecraft:deaths":9,"minecraft:sneak_time":3651,"minecraft:walk_under_water_one_cm":4243,"minecraft:jump":4250,"minecraft:interact_with_blast_furnace":11,"minecraft:walk_on_water_one_cm":47266,"minecraft:total_world_time":271067,"minecraft:interact_with_furnace":11,"tombstone:raider_killed":1,"minecraft:sleep_in_bed":10,"minecraft:time_since_rest":4717,"minecraft:damage_taken":3997,"minecraft:damage_dealt":5607,"minecraft:swim_one_cm":17726,"minecraft:fly_one_cm":838433,"minecraft:open_chest":92,"minecraft:crouch_one_cm":5124,"tombstone:undead_killed":7,"minecraft:fall_one_cm":91164,"minecraft:horse_one_cm":3400},"minecraft:killed_by":{"minecraft:player":1,"minecraft:creeper":4,"minecraft:spider":1,"minecraft:skeleton":2,"artifacts:mimic":1}},"DataVersion":3465}