{"stats":{"minecraft:used":{"minecraft:poppy":1,"minecraft:chest":14,"minecraft:oak_sapling":5,"minecraft:egg":4,"minecraft:diorite":8,"minecraft:stone_pickaxe":536,"minecraft:oak_planks":1,"occultism:datura_seeds":5,"minecraft:wooden_pickaxe":36,"minecraft:sugar_cane":10,"minecraft:diamond_axe":481,"toughasnails:water_canteen":207,"minecraft:oak_leaves":8,"cobblemon:yellow_apricorn_seed":2,"minecraft:blast_furnace":2,"minecraft:shears":94,"cobblemon:green_apricorn_seed":4,"cobblemon:apricorn_log":5,"minecraft:bread":74,"tombstone:grave_key":1,"minecraft:gravel":3,"minecraft:wooden_sword":39,"cobblemon:red_apricorn_seed":2,"minecraft:andesite":4,"minecraft:oak_boat":2,"minecraft:bone_meal":6,"minecraft:stone_sword":245,"minecraft:stone_shovel":131,"minecraft:wooden_shovel":7,"toughasnails:leaf_boots":1,"minecraft:orange_bed":4,"minecraft:torch":120,"minecraft:dirt":168,"warhammersmod:hammer_iron":2,"toughasnails:empty_canteen":15,"fabledweaponry:mace_iron":1,"minecraft:granite":11,"minecraft:wooden_axe":18,"minecraft:chipped_anvil":1,"cobblemon:pink_apricorn_seed":2,"minecraft:iron_boots":1,"minecraft:light_gray_wool":4,"tombstone:gift":3,"toughasnails:leaf_leggings":1,"minecraft:glass_bottle":5,"minecraft:crafting_table":15,"botania:light_blue_mystical_flower":1,"minecraft:white_bed":1,"cobblemon:white_apricorn_seed":1,"cobblemon:healing_machine":1,"minecraft:wooden_hoe":34,"fabledweaponry:maul_stone":1,"toughasnails:leaf_chestplate":1,"minecraft:stone_axe":89,"minecraft:pink_petals":122,"minecraft:cobblestone":161,"minecraft:potion":1,"toughasnails:purified_water_bottle":6},"minecraft:dropped":{"botania:red_mystical_flower":9,"cobblemon:verdant_ball":8,"minecraft:leather_helmet":2,"minecraft:dirt":33,"botania:green_mystical_flower":10,"farmersdelight:onion":7,"sereneseasons:calendar":1,"cobblemon:ultra_ball":10,"botania:blue_mystical_flower":10,"minecraft:arrow":1,"minecraft:beef":1,"minecraft:oak_leaves":10,"minecraft:enchanted_book":1,"minecraft:bread":26,"toughasnails:water_canteen":4,"botania:yellow_mystical_flower":10,"minecraft:wheat_seeds":24,"minecraft:feather":1,"minecraft:cobblestone":33,"minecraft:apple":2,"botania:light_blue_mystical_flower":6,"cobblemon:apricorn_log":10,"minecraft:diorite":2,"toughasnails:leaf_boots":1,"tombstone:grave_dust":1,"toughasnails:leaf_helmet":1,"toughasnails:leaf_leggings":2,"minecraft:orange_bed":1,"minecraft:string":4,"minecraft:pink_petals":32,"minecraft:furnace":1,"minecraft:kelp":14,"toughasnails:leaf_chestplate":1,"minecraft:raw_copper":64,"cobblemon:azure_ball":6,"minecraft:potato":2,"botania:green_double_flower":1},"minecraft:killed_by":{"naturalist:rattlesnake":1,"minecraft:creeper":5,"artifacts:mimic":1,"minecraft:player":2,"minecraft:spider":1,"minecraft:skeleton":3},"minecraft:custom":{"minecraft:interact_with_crafting_table":73,"minecraft:open_barrel":6,"minecraft:leave_game":1,"minecraft:time_since_death":37000,"minecraft:sprint_one_cm":1489802,"minecraft:drop":116,"minecraft:play_time":428367,"minecraft:deaths":15,"minecraft:jump":6409,"minecraft:walk_on_water_one_cm":64734,"minecraft:interact_with_furnace":21,"minecraft:sleep_in_bed":14,"minecraft:damage_dealt":7048,"minecraft:crouch_one_cm":6839,"tombstone:undead_killed":7,"minecraft:horse_one_cm":3400,"minecraft:mob_kills":32,"minecraft:damage_dealt_resisted":507,"minecraft:walk_one_cm":794944,"minecraft:sneak_time":4134,"minecraft:walk_under_water_one_cm":20713,"minecraft:boat_one_cm":57465,"minecraft:interact_with_blast_furnace":12,"minecraft:total_world_time":428367,"tombstone:raider_killed":1,"minecraft:time_since_rest":36666,"minecraft:damage_taken":5673,"minecraft:swim_one_cm":55148,"minecraft:fly_one_cm":1317619,"minecraft:open_chest":211,"minecraft:fall_one_cm":135731},"minecraft:broken":{"toughasnails:leaf_boots":1,"toughasnails:leaf_chestplate":1,"minecraft:stone_pickaxe":3,"minecraft:wooden_sword":1,"minecraft:stone_shovel":1,"toughasnails:leaf_leggings":1,"toughasnails:water_canteen":14,"minecraft:wooden_pickaxe":1,"toughasnails:leaf_helmet":1},"minecraft:mined":{"minecraft:farmland":1,"botania:red_mystical_flower":9,"cobblemon:dawn_stone_ore":1,"minecraft:cherry_log":10,"botania:pink_double_flower":1,"cobblemon:big_root":6,"cobblemon:apricorn_log":137,"minecraft:granite":12,"cobblemon:pink_apricorn":1,"minecraft:grass_block":78,"botania:light_gray_mystical_flower":5,"minecraft:iron_ore":54,"botania:lime_double_flower":1,"cobblemon:medicinal_leek":5,"cobblemon:green_apricorn_sapling":1,"minecraft:water_cauldron":4,"cobblemon:white_apricorn":1,"botania:brown_mystical_flower":31,"botania:light_blue_mystical_flower":32,"minecraft:orange_bed":5,"botania:green_mystical_flower":14,"botania:orange_mystical_flower":24,"cobblemon:leaf_stone_ore":1,"minecraft:torch":7,"cobblemon:apricorn_leaves":11,"botania:green_double_flower":2,"minecraft:blast_furnace":2,"minecraft:poppy":1,"minecraft:chest":3,"minecraft:cobblestone":40,"botania:blue_mystical_flower":11,"minecraft:sugar_cane":21,"minecraft:oak_planks":1,"minecraft:wall_torch":3,"botania:black_mystical_flower":3,"minecraft:pink_petals":18,"minecraft:birch_log":74,"minecraft:light_gray_wool":4,"minecraft:grass":97,"minecraft:oak_log":129,"botania:gray_double_flower":1,"minecraft:dirt":102,"minecraft:oak_leaves":67,"botania:magenta_double_flower":3,"botania:orange_double_flower":4,"farmersdelight:wild_carrots":5,"cobblemon:aspear_berry":2,"botania:brown_double_flower":1,"botania:cyan_double_flower":2,"minecraft:hay_block":70,"botania:magenta_mystical_flower":16,"minecraft:andesite":4,"cobblemon:green_apricorn":1,"botania:light_blue_double_flower":2,"minecraft:stone":170,"botania:lime_mystical_flower":6,"minecraft:lily_of_the_valley":2,"minecraft:crafting_table":10,"minecraft:tall_grass":12,"minecraft:copper_ore":47,"botania:white_double_flower":1,"cobblemon:oran_berry":1,"minecraft:diorite":11,"botania:pink_mystical_flower":21,"botania:cyan_mystical_flower":15,"minecraft:spruce_log":6,"botania:white_mystical_flower":21,"minecraft:coal_ore":213,"botania:yellow_mystical_flower":17,"minecraft:cherry_leaves":57,"minecraft:gravel":3,"botania:gray_mystical_flower":15,"minecraft:chipped_anvil":1,"cobblemon:pink_apricorn_sapling":1},"minecraft:crafted":{"minecraft:oak_planks":44,"cobblemon:apricorn_planks":32,"ad_astra:hammer":1,"minecraft:stone":8,"toughasnails:leaf_leggings":2,"minecraft:iron_boots":1,"minecraft:chest":11,"toughasnails:leaf_helmet":2,"cobblemon:azure_ball":8,"toughasnails:leaf_boots":2,"minecraft:wooden_shovel":1,"minecraft:crafting_table":5,"cobblemon:verdant_ball":16,"minecraft:wooden_pickaxe":2,"minecraft:clock":1,"minecraft:copper_ingot":64,"minecraft:string":8,"minecraft:wooden_hoe":1,"minecraft:iron_chestplate":1,"cobblemon:healing_machine":1,"minecraft:paper":9,"fabledweaponry:maul_stone":1,"minecraft:stick":40,"minecraft:iron_ingot":56,"minecraft:iron_block":1,"minecraft:stone_sword":2,"sereneseasons:calendar":1,"minecraft:gold_ingot":8,"fabledweaponry:mace_iron":1,"toughasnails:empty_canteen":1,"minecraft:stone_shovel":1,"minecraft:furnace":1,"warhammersmod:hammer_iron":1,"botania:flower_bag":1,"minecraft:stone_pickaxe":5,"botania:light_blue_petal":2,"cobblemon:citrine_ball":4,"minecraft:wheat":254,"toughasnails:leaf_chestplate":2,"cobblemon:roseate_ball":4,"minecraft:stone_axe":1,"minecraft:bread":210,"cobblemon:heal_ball":8,"minecraft:oak_boat":1,"minecraft:white_wool":4,"minecraft:white_dye":2,"minecraft:wooden_axe":1,"minecraft:iron_leggings":1,"minecraft:white_bed":1,"minecraft:torch":60,"cobblemon:ultra_ball":16,"cobblemon:great_ball":8},"minecraft:picked_up":{"toughasnails:leaf_leggings":2,"cobblemon:leaf_stone":1,"minecraft:wheat":7,"cobblemon:red_apricorn":20,"minecraft:potion":1,"minecraft:enchanted_book":2,"botania:light_blue_double_flower":2,"cobblemon:wepear_berry":11,"minecraft:string":6,"minecraft:raw_copper":192,"cobblemon:white_apricorn_seed":1,"toughasnails:leaf_boots":1,"cobblemon:oran_berry":90,"cobblemon:big_root":12,"minecraft:stick":96,"cobblemon:apricorn_log":137,"botania:cyan_double_flower":1,"minecraft:torch":14,"botania:yellow_mystical_flower":10,"minecraft:porkchop":2,"minecraft:cherry_log":10,"minecraft:diorite":12,"tombstone:grave_dust":3,"minecraft:cauldron":4,"botania:white_mystical_flower":7,"minecraft:orange_bed":5,"vampirism:blood_bottle":1,"minecraft:stone_sword":1,"minecraft:rotten_flesh":10,"botania:orange_double_flower":2,"cobblemon:verdant_ball":1,"minecraft:cobblestone":217,"minecraft:birch_log":65,"minecraft:pink_petals":200,"occultism:datura_seeds":2,"minecraft:feather":1,"cobblemon:great_ball":1,"cobblemon:ultra_ball":5,"minecraft:cherry_leaves":55,"minecraft:andesite":4,"minecraft:brown_wool":2,"cobblemon:razz_berry":34,"toughasnails:leaf_helmet":1,"minecraft:dirt":290,"minecraft:chipped_anvil":1,"botania:cyan_mystical_flower":8,"botania:pink_mystical_flower":5,"minecraft:wheat_seeds":22,"cobblemon:black_apricorn":31,"fabledweaponry:mace_iron":1,"botania:gray_mystical_flower":9,"botania:red_mystical_flower":9,"botania:gray_double_flower":1,"botania:pink_double_flower":1,"cobblemon:persim_berry":31,"minecraft:lily_of_the_valley":2,"cobblemon:aspear_berry":40,"naturalist:duck_egg":1,"fabledweaponry:maul_stone":1,"toughasnails:water_canteen":4,"minecraft:granite":12,"minecraft:bread":1,"minecraft:oak_sapling":43,"cobblemon:medicinal_leek":24,"cobblemon:chesto_berry":8,"minecraft:oak_leaves":42,"minecraft:crafting_table":10,"cobblemon:yellow_apricorn":25,"warhammersmod:hammer_iron":1,"minecraft:wooden_pickaxe":1,"cobblemon:lum_berry":2,"minecraft:wooden_sword":1,"cobblemon:white_apricorn":14,"botania:magenta_mystical_flower":3,"cobblemon:green_apricorn":31,"minecraft:beef":20,"minecraft:oak_boat":2,"minecraft:poppy":1,"minecraft:light_gray_wool":4,"minecraft:sugar_cane":33,"minecraft:chest":3,"minecraft:birch_sapling":14,"cobblemon:green_apricorn_seed":4,"minecraft:egg":5,"minecraft:raw_iron":54,"minecraft:carrot":5,"cobblemon:dawn_stone":3,"minecraft:arrow":3,"minecraft:hay_block":70,"botania:blue_mystical_flower":11,"artifacts:running_shoes":1,"botania:green_mystical_flower":13,"minecraft:mutton":2,"botania:magenta_double_flower":1,"cobblemon:blue_apricorn":18,"minecraft:white_wool":5,"botania:light_blue_petal":2,"minecraft:leather":12,"cobblemon:kebia_berry":3,"botania:green_double_flower":1,"minecraft:oak_log":122,"minecraft:wooden_hoe":1,"cobblemon:pink_apricorn_seed":2,"botania:light_blue_mystical_flower":21,"minecraft:apple":6,"minecraft:kelp":14,"guideapi_vp:vampirism-guidebook":1,"cobblemon:coba_berry":24,"toughasnails:leaf_chestplate":1,"cobblemon:red_apricorn_seed":3,"cobblemon:black_apricorn_seed":2,"minecraft:gravel":3,"cobblemon:cheri_berry":6,"cobblemon:yellow_apricorn_seed":2,"minecraft:blast_furnace":2,"cobblemon:pink_apricorn":8,"minecraft:spider_eye":2,"minecraft:leather_helmet":3,"botania:orange_mystical_flower":5,"minecraft:diamond_axe":1,"minecraft:cherry_sapling":5,"minecraft:black_wool":2,"minecraft:coal":214,"minecraft:ender_pearl":1},"minecraft:killed":{"minecraft:witch":1,"vampirism:advanced_vampire":1,"minecraft:spider":4,"vampirism:blinding_bat":1,"artifacts:mimic":1,"minecraft:pig":2,"minecraft:sheep":2,"minecraft:zombie":7,"minecraft:cow":10,"endermanoverhaul:flower_fields_enderman":1,"minecraft:horse":1,"cobblemon:pokemon":1}},"DataVersion":3465}