{"stats":{"minecraft:mined":{"minecraft:spruce_planks":5,"minecraft:farmland":1,"minecraft:jungle_slab":1,"botania:red_mystical_flower":14,"cobblemon:dawn_stone_ore":1,"minecraft:cherry_log":44,"cobblemon:pc":1,"botania:pink_double_flower":2,"cobblemon:big_root":6,"cobblemon:apricorn_log":162,"minecraft:granite":12,"cobblemon:pink_apricorn":1,"minecraft:grass_block":4093,"minecraft:soul_soil":1,"minecraft:coal_block":248,"botania:black_double_flower":2,"minecraft:composter":1,"botania:light_gray_mystical_flower":11,"botania:purple_mystical_flower":6,"minecraft:magma_block":3,"minecraft:iron_ore":69,"minecraft:barrel":1,"botania:lime_double_flower":3,"minecraft:azure_bluet":5,"cobblemon:medicinal_leek":5,"cobblemon:green_apricorn_sapling":1,"minecraft:water_cauldron":4,"minecraft:dirt_path":2,"cobblemon:white_apricorn":1,"botania:brown_mystical_flower":31,"botania:light_blue_mystical_flower":36,"minecraft:orange_bed":7,"botania:green_mystical_flower":20,"botania:orange_mystical_flower":24,"minecraft:blackstone":4,"minecraft:kelp_plant":1,"minecraft:smoker":1,"cobblemon:leaf_stone_ore":1,"minecraft:torch":8,"cobblemon:apricorn_leaves":12,"botania:green_double_flower":3,"minecraft:blast_furnace":3,"botania:purple_double_flower":2,"minecraft:poppy":1,"minecraft:chest":4,"minecraft:cobblestone":41,"botania:blue_mystical_flower":11,"minecraft:sugar_cane":21,"minecraft:oak_planks":1,"minecraft:wall_torch":6,"botania:black_mystical_flower":16,"minecraft:pink_petals":29,"minecraft:birch_log":74,"minecraft:light_gray_wool":4,"minecraft:grass":242,"minecraft:oak_log":133,"minecraft:sand":92,"botania:gray_double_flower":1,"minecraft:dirt":1406,"minecraft:stonecutter":1,"minecraft:oak_leaves":301,"botania:magenta_double_flower":4,"cobblemon:healing_machine":1,"botania:orange_double_flower":4,"farmersdelight:wild_carrots":5,"cobblemon:aspear_berry":2,"minecraft:jungle_planks":1,"botania:brown_double_flower":2,"botania:cyan_double_flower":2,"rechiseled:spruce_planks_rotated_bricks_connecting":2,"minecraft:spruce_leaves":3,"minecraft:sandstone":3,"minecraft:large_fern":1,"minecraft:hay_block":133,"botania:magenta_mystical_flower":20,"minecraft:polished_basalt":1,"minecraft:andesite":4,"cobblemon:green_apricorn":1,"botania:light_blue_double_flower":3,"minecraft:stone":190,"ad_astra:sky_stone":3,"botania:lime_mystical_flower":7,"minecraft:soul_sand":8,"minecraft:lily_of_the_valley":2,"minecraft:basalt":2,"minecraft:dandelion":6,"travelersbackpack:standard":2,"minecraft:crafting_table":12,"minecraft:cornflower":11,"minecraft:tall_grass":23,"minecraft:copper_ore":47,"minecraft:blue_bed":1,"botania:white_double_flower":1,"cobblemon:oran_berry":1,"minecraft:diorite":11,"cobblemon:yellow_apricorn_sapling":1,"botania:pink_mystical_flower":23,"botania:cyan_mystical_flower":15,"botania:red_double_flower":1,"minecraft:spruce_log":8,"minecraft:birch_leaves":8,"minecraft:yellow_bed":1,"botania:white_mystical_flower":37,"minecraft:coal_ore":393,"botania:yellow_mystical_flower":17,"minecraft:cherry_leaves":57,"minecraft:gravel":14,"botania:gray_mystical_flower":17,"minecraft:chipped_anvil":2,"cobblemon:pink_apricorn_sapling":1},"minecraft:killed":{"born_in_chaos_v1:mr_pumpkin":10,"minecraft:witch":2,"vampirism:advanced_vampire":1,"born_in_chaos_v1:sir_the_headless":1,"minecraft:spider":4,"vampirism:blinding_bat":1,"minecraft:chicken":1,"artifacts:mimic":1,"minecraft:pig":3,"minecraft:creeper":1,"minecraft:sheep":6,"minecraft:zombie":7,"born_in_chaos_v1:corpse_fly":1,"minecraft:cow":18,"endermanoverhaul:flower_fields_enderman":1,"born_in_chaos_v1:pumpkinhead":1,"minecraft:horse":5,"minecraft:drowned":1,"born_in_chaos_v1:corpse_fish":6,"cobblemon:pokemon":2},"minecraft:used":{"minecraft:iron_shovel":4611,"minecraft:poppy":1,"minecraft:polished_basalt":1,"minecraft:chest":14,"jeg:atlantean_spear":6,"artifacts:umbrella":315,"minecraft:snowball":2,"minecraft:azure_bluet":2,"minecraft:cherry_leaves":31,"minecraft:golden_sword":18,"minecraft:hay_block":1,"minecraft:cooked_cod":7,"minecraft:furnace":3,"minecraft:oak_sapling":43,"minecraft:egg":8,"minecraft:diorite":8,"minecraft:stone_pickaxe":560,"minecraft:oak_planks":1,"occultism:datura_seeds":5,"minecraft:blackstone":4,"minecraft:wooden_pickaxe":36,"minecraft:blue_bed":1,"minecraft:composter":2,"minecraft:sugar_cane":10,"minecraft:diamond_axe":838,"toughasnails:water_canteen":402,"minecraft:oak_leaves":19,"minecraft:sand":14,"minecraft:blast_furnace":3,"cobblemon:yellow_apricorn_seed":3,"born_in_chaos_v1:holiday_candy":5,"minecraft:shears":298,"rechiseled:spruce_planks_mosaic":3,"cobblemon:green_apricorn_seed":4,"cobblemon:apricorn_log":5,"minecraft:bread":121,"tombstone:grave_key":1,"minecraft:gravel":3,"minecraft:wooden_sword":39,"cobblemon:red_apricorn_seed":2,"minecraft:andesite":4,"minecraft:oak_boat":9,"minecraft:bone_meal":15,"minecraft:stone_sword":344,"minecraft:stone_shovel":930,"minecraft:spruce_planks":6,"minecraft:wooden_shovel":7,"toughasnails:leaf_boots":2,"minecraft:cooked_salmon":5,"minecraft:orange_bed":6,"minecraft:torch":151,"minecraft:dirt":1386,"warhammersmod:hammer_iron":2,"toughasnails:empty_canteen":34,"minecraft:golden_shovel":33,"fabledweaponry:mace_iron":1,"minecraft:granite":11,"minecraft:wooden_axe":18,"minecraft:chipped_anvil":2,"cobblemon:pink_apricorn_seed":2,"minecraft:iron_boots":1,"minecraft:barrel":1,"cobblemon:pc":2,"minecraft:light_gray_wool":4,"minecraft:basalt":5,"tombstone:gift":4,"minecraft:cooked_beef":4,"rechiseled:stone_small_bricks_connecting":1,"minecraft:wheat_seeds":7,"toughasnails:leaf_leggings":1,"minecraft:glass_bottle":6,"minecraft:stonecutter":2,"minecraft:crafting_table":19,"cobblemon:black_apricorn_seed":1,"botania:light_blue_mystical_flower":1,"minecraft:white_bed":1,"cobblemon:white_apricorn_seed":2,"minecraft:smoker":4,"cobblemon:healing_machine":2,"justhammers:iron_hammer":176,"minecraft:wooden_hoe":73,"minecraft:cornflower":2,"fabledweaponry:maul_stone":1,"minecraft:iron_pickaxe":459,"toughasnails:leaf_chestplate":1,"minecraft:stone_axe":89,"ad_astra:sky_stone":7,"minecraft:pink_petals":266,"minecraft:cobblestone":167,"minecraft:potion":3,"travelersbackpack:standard":9,"toughasnails:purified_water_bottle":6,"minecraft:cooked_porkchop":10,"minecraft:yellow_bed":1,"minecraft:dandelion":3,"minecraft:smooth_stone":3},"minecraft:crafted":{"minecraft:smooth_stone":5,"minecraft:oak_planks":60,"minecraft:cooked_chicken":4,"cobblemon:apricorn_planks":52,"ad_astra:hammer":1,"minecraft:stone":16,"toughasnails:leaf_leggings":7,"minecraft:cooked_mutton":7,"minecraft:glass":22,"minecraft:iron_boots":1,"minecraft:chest":12,"toughasnails:leaf_helmet":8,"cobblemon:azure_ball":8,"minecraft:cooked_rabbit":2,"minecraft:smoker":3,"toughasnails:leaf_boots":7,"minecraft:wooden_shovel":1,"minecraft:cooked_porkchop":9,"minecraft:crafting_table":7,"travelersbackpack:standard":3,"minecraft:wooden_pickaxe":2,"cobblemon:verdant_ball":16,"minecraft:clock":1,"minecraft:copper_ingot":64,"travelersbackpack:blue_sleeping_bag":1,"cobblemon:poke_ball":28,"minecraft:string":20,"minecraft:wooden_hoe":1,"minecraft:iron_chestplate":1,"cobblemon:healing_machine":1,"minecraft:paper":9,"fabledweaponry:maul_stone":1,"minecraft:stick":40,"minecraft:iron_ingot":74,"minecraft:iron_pickaxe":2,"minecraft:iron_block":1,"minecraft:stone_sword":2,"sereneseasons:calendar":1,"minecraft:gold_ingot":8,"cobblemon:fast_ball":4,"fabledweaponry:mace_iron":1,"minecraft:composter":1,"minecraft:shears":2,"toughasnails:empty_canteen":1,"minecraft:cherry_planks":8,"minecraft:stone_shovel":7,"minecraft:furnace":7,"warhammersmod:hammer_iron":1,"cobblemon:apricorn_slab":12,"botania:flower_bag":1,"minecraft:stone_pickaxe":5,"botania:light_blue_petal":2,"justneeded:white_wool_slab":3,"cobblemon:citrine_ball":4,"minecraft:wheat":371,"minecraft:cooked_beef":29,"minecraft:coal_block":36,"paraglider:paraglider":2,"toughasnails:leaf_chestplate":7,"travelersbackpack:backpack_tank":2,"cobblemon:pc":1,"cobblemon:roseate_ball":4,"minecraft:stone_axe":1,"minecraft:air":0,"minecraft:bread":249,"cobblemon:heal_ball":8,"minecraft:oak_boat":3,"justhammers:iron_hammer":2,"minecraft:white_wool":7,"minecraft:white_dye":2,"minecraft:wooden_axe":1,"minecraft:blue_wool":2,"minecraft:iron_shovel":19,"minecraft:iron_leggings":1,"minecraft:stonecutter":1,"minecraft:white_bed":1,"minecraft:torch":60,"cobblemon:ultra_ball":24,"cobblemon:great_ball":8},"minecraft:killed_by":{"naturalist:rattlesnake":1,"born_in_chaos_v1:mr_pumpkin":4,"minecraft:creeper":7,"minecraft:drowned":1,"born_in_chaos_v1:pumpkinhead":3,"artifacts:mimic":1,"born_in_chaos_v1:felsteed":1,"minecraft:player":2,"minecraft:spider":1,"born_in_chaos_v1:sir_pumpkinhead_without_horse":6,"born_in_chaos_v1:sir_pumpkinhead":5,"minecraft:skeleton":5,"born_in_chaos_v1:corpse_fish":3},"minecraft:broken":{"minecraft:iron_shovel":18,"toughasnails:leaf_boots":5,"toughasnails:leaf_chestplate":5,"minecraft:shears":1,"minecraft:golden_shovel":1,"minecraft:stone_pickaxe":4,"minecraft:wooden_sword":1,"minecraft:stone_shovel":7,"toughasnails:leaf_leggings":5,"minecraft:stone_sword":2,"justhammers:iron_hammer":1,"toughasnails:water_canteen":34,"minecraft:wooden_pickaxe":1,"minecraft:iron_pickaxe":1,"toughasnails:leaf_helmet":5,"minecraft:wooden_hoe":1},"minecraft:custom":{"minecraft:interact_with_crafting_table":127,"minecraft:open_barrel":25,"minecraft:leave_game":12,"minecraft:time_since_death":59936,"minecraft:damage_blocked_by_shield":4950,"minecraft:sprint_one_cm":3377555,"minecraft:drop":221,"minecraft:play_time":994445,"minecraft:deaths":50,"minecraft:jump":11085,"minecraft:walk_on_water_one_cm":147608,"minecraft:interact_with_furnace":41,"vampirism:interact_with_research_table":1,"minecraft:sleep_in_bed":34,"minecraft:damage_dealt":15808,"minecraft:crouch_one_cm":23556,"tombstone:undead_killed":8,"minecraft:interact_with_smoker":18,"minecraft:horse_one_cm":3400,"minecraft:interact_with_smithing_table":3,"minecraft:interact_with_anvil":2,"minecraft:mob_kills":76,"minecraft:damage_dealt_resisted":1354,"minecraft:climb_one_cm":1904,"minecraft:walk_one_cm":2285707,"minecraft:sneak_time":13717,"minecraft:walk_under_water_one_cm":74590,"minecraft:boat_one_cm":1224459,"minecraft:interact_with_blast_furnace":18,"minecraft:total_world_time":994445,"tombstone:raider_killed":2,"minecraft:interact_with_stonecutter":1,"minecraft:time_since_rest":59861,"minecraft:damage_taken":18083,"minecraft:swim_one_cm":178267,"minecraft:fly_one_cm":2442795,"minecraft:open_chest":604,"minecraft:fall_one_cm":227554},"minecraft:dropped":{"jeg:atlantean_spear":2,"occultism:datura_seeds":2,"botania:red_mystical_flower":9,"minecraft:jungle_planks":2,"cobblemon:verdant_ball":8,"travelersbackpack:standard":1,"minecraft:leather_helmet":2,"minecraft:dirt":74,"minecraft:grass":1,"cobblemon:poke_ball":29,"botania:green_mystical_flower":10,"farmersdelight:onion":7,"paraglider:paraglider":1,"sereneseasons:calendar":1,"cobblemon:ultra_ball":18,"minecraft:rotten_flesh":3,"rotten_flesh_to_leather:sodium":1,"minecraft:chest":1,"botania:blue_mystical_flower":10,"minecraft:arrow":1,"minecraft:beef":1,"minecraft:oak_leaves":11,"minecraft:enchanted_book":1,"minecraft:iron_ingot":4,"minecraft:bread":26,"toughasnails:water_canteen":4,"botania:yellow_mystical_flower":10,"minecraft:birch_leaves":2,"minecraft:wheat_seeds":26,"minecraft:feather":1,"minecraft:cobblestone":50,"minecraft:apple":2,"tombstone:scroll_of_mercy":1,"born_in_chaos_v1:soul_cutlass":1,"botania:light_blue_mystical_flower":6,"minecraft:jungle_slab":1,"born_in_chaos_v1:pumpkin_staff":1,"cobblemon:apricorn_log":10,"minecraft:diorite":2,"toughasnails:leaf_boots":2,"tombstone:grave_dust":1,"minecraft:potion":1,"toughasnails:leaf_helmet":3,"toughasnails:leaf_leggings":3,"minecraft:orange_bed":1,"minecraft:string":4,"minecraft:pink_petals":36,"minecraft:furnace":1,"jeg:repair_kit":1,"minecraft:kelp":14,"minecraft:soul_soil":1,"toughasnails:leaf_chestplate":2,"minecraft:raw_copper":64,"cobblemon:azure_ball":6,"minecraft:chicken":1,"minecraft:clay_ball":1,"rechiseled:spruce_planks_mosaic":1,"minecraft:pumpkin_seeds":61,"minecraft:filled_map":2,"minecraft:potato":2,"botania:green_double_flower":1,"minecraft:spruce_planks":9,"minecraft:sandstone":4,"minecraft:wooden_pickaxe":1,"minecraft:magma_block":6},"minecraft:picked_up":{"toughasnails:leaf_leggings":2,"cobblemon:leaf_stone":1,"minecraft:wheat":7,"cobblemon:red_apricorn":95,"minecraft:potion":1,"minecraft:enchanted_book":2,"botania:light_blue_double_flower":2,"born_in_chaos_v1:holiday_candy":26,"cobblemon:wepear_berry":11,"minecraft:string":8,"minecraft:soul_soil":1,"minecraft:raw_copper":192,"cobblemon:white_apricorn_seed":3,"minecraft:spruce_planks":7,"toughasnails:leaf_boots":1,"cobblemon:oran_berry":90,"minecraft:iron_pickaxe":2,"cobblemon:big_root":12,"minecraft:coal_block":324,"minecraft:stick":126,"cobblemon:apricorn_log":162,"cobblemon:pc":1,"botania:cyan_double_flower":1,"minecraft:composter":1,"minecraft:torch":34,"botania:yellow_mystical_flower":10,"travelersbackpack:iron_tier_upgrade":1,"minecraft:porkchop":11,"minecraft:cherry_log":44,"minecraft:diorite":12,"tombstone:grave_dust":3,"minecraft:cauldron":4,"botania:white_mystical_flower":7,"minecraft:orange_bed":7,"minecraft:rotten_flesh":16,"minecraft:stone_sword":3,"vampirism:blood_bottle":1,"botania:orange_double_flower":2,"minecraft:polished_basalt":1,"cobblemon:verdant_ball":1,"minecraft:snowball":2,"minecraft:cobblestone":1044,"minecraft:nautilus_shell":1,"minecraft:birch_log":65,"minecraft:pink_petals":326,"occultism:datura_seeds":10,"minecraft:magma_block":12,"minecraft:feather":5,"cobblemon:great_ball":1,"cobblemon:ultra_ball":16,"minecraft:cherry_leaves":55,"minecraft:andesite":4,"minecraft:brown_wool":3,"minecraft:smoker":1,"paraglider:spirit_orb":4,"cobblemon:razz_berry":34,"toughasnails:leaf_helmet":1,"minecraft:flint":1,"travelersbackpack:gold_tier_upgrade":1,"minecraft:dirt":5469,"botania:cyan_mystical_flower":8,"minecraft:bone":3,"minecraft:chipped_anvil":2,"rechiseled:stone_small_bricks_connecting":1,"minecraft:wheat_seeds":78,"minecraft:stonecutter":1,"botania:pink_mystical_flower":5,"cobblemon:black_apricorn":63,"rechiseled:spruce_planks_mosaic":4,"fabledweaponry:mace_iron":1,"minecraft:rabbit":3,"botania:gray_mystical_flower":9,"botania:red_mystical_flower":9,"botania:gray_double_flower":1,"botania:pink_double_flower":1,"minecraft:jungle_planks":2,"minecraft:sand":87,"cobblemon:persim_berry":31,"immersive_armors:divine_boots":2,"minecraft:lily_of_the_valley":2,"cobblemon:aspear_berry":40,"minecraft:jungle_slab":1,"minecraft:barrel":1,"naturalist:duck_egg":1,"tombstone:scroll_of_mercy":1,"cobblemon:healing_machine":1,"fabledweaponry:maul_stone":1,"toughasnails:water_canteen":4,"cobblemon:poke_ball":1,"minecraft:diamond":4,"jeg:repair_kit":1,"minecraft:granite":12,"minecraft:grass":1,"minecraft:bone_meal":13,"born_in_chaos_v1:rotten_fish":3,"cobblemon:rindo_berry":1,"minecraft:emerald":4,"minecraft:bread":30,"cobblemon:chesto_berry":8,"immersive_armors:divine_helmet":1,"cobblemon:medicinal_leek":24,"minecraft:oak_sapling":44,"minecraft:oak_leaves":215,"minecraft:crafting_table":12,"minecraft:azure_bluet":63,"minecraft:chicken":5,"minecraft:clay_ball":1,"cobblemon:yellow_apricorn":63,"warhammersmod:hammer_iron":1,"minecraft:wooden_pickaxe":1,"ad_astra:sky_stone":7,"minecraft:cornflower":12,"cobblemon:lum_berry":2,"minecraft:wooden_sword":1,"minecraft:item_frame":1,"cobblemon:white_apricorn":28,"botania:magenta_mystical_flower":3,"minecraft:blackstone":4,"cobblemon:green_apricorn":33,"minecraft:beef":40,"minecraft:oak_boat":9,"minecraft:poppy":1,"minecraft:light_gray_wool":4,"minecraft:sugar_cane":33,"minecraft:chest":4,"minecraft:birch_sapling":14,"cobblemon:green_apricorn_seed":4,"minecraft:egg":14,"minecraft:raw_iron":69,"minecraft:sandstone":3,"rotten_flesh_to_leather:sodium":6,"pointblank:gunmetal_nugget":42,"minecraft:carrot":5,"cobblemon:dawn_stone":3,"minecraft:arrow":6,"cobblemon:everstone":1,"minecraft:hay_block":133,"botania:blue_mystical_flower":11,"artifacts:running_shoes":1,"cobblemon:black_augurite":1,"botania:green_mystical_flower":13,"minecraft:mutton":7,"botania:magenta_double_flower":1,"cobblemon:blue_apricorn":26,"minecraft:white_wool":7,"minecraft:birch_leaves":2,"botania:light_blue_petal":2,"minecraft:basalt":5,"born_in_chaos_v1:pumpkin_staff":1,"minecraft:leather":24,"cobblemon:kebia_berry":3,"minecraft:filled_map":2,"botania:green_double_flower":1,"minecraft:oak_log":126,"minecraft:yellow_bed":1,"minecraft:gunpowder":4,"minecraft:wooden_hoe":2,"minecraft:blue_bed":1,"cobblemon:pink_apricorn_seed":5,"botania:light_blue_mystical_flower":21,"born_in_chaos_v1:soul_cutlass":1,"minecraft:apple":6,"minecraft:kelp":23,"guideapi_vp:vampirism-guidebook":1,"jeg:atlantean_spear":2,"minecraft:rabbit_hide":2,"minecraft:iron_ingot":61,"cobblemon:coba_berry":24,"minecraft:soul_sand":8,"toughasnails:leaf_chestplate":1,"cobblemon:red_apricorn_seed":13,"cobblemon:black_apricorn_seed":5,"minecraft:dandelion":54,"cobblemon:blue_apricorn_seed":1,"minecraft:gravel":13,"cobblemon:cheri_berry":6,"cobblemon:yellow_apricorn_seed":7,"minecraft:blast_furnace":3,"cobblemon:pink_apricorn":25,"minecraft:spruce_log":2,"minecraft:spider_eye":2,"minecraft:leather_helmet":3,"travelersbackpack:standard":3,"minecraft:pumpkin_seeds":61,"botania:orange_mystical_flower":5,"minecraft:diamond_axe":3,"minecraft:cherry_sapling":30,"minecraft:gray_wool":1,"minecraft:black_wool":3,"minecraft:coal":421,"minecraft:ender_pearl":2}},"DataVersion":3465}