{"stats":{"minecraft:mined":{"minecraft:spruce_planks":4,"minecraft:farmland":1,"botania:red_mystical_flower":9,"cobblemon:dawn_stone_ore":1,"minecraft:cherry_log":44,"botania:pink_double_flower":1,"cobblemon:big_root":6,"cobblemon:apricorn_log":162,"minecraft:granite":12,"cobblemon:pink_apricorn":1,"minecraft:grass_block":4087,"minecraft:soul_soil":1,"minecraft:coal_block":248,"botania:black_double_flower":2,"minecraft:composter":1,"botania:light_gray_mystical_flower":5,"minecraft:magma_block":3,"minecraft:iron_ore":69,"botania:lime_double_flower":1,"minecraft:azure_bluet":5,"cobblemon:medicinal_leek":5,"cobblemon:green_apricorn_sapling":1,"minecraft:water_cauldron":4,"minecraft:dirt_path":2,"cobblemon:white_apricorn":1,"botania:brown_mystical_flower":31,"botania:light_blue_mystical_flower":32,"minecraft:orange_bed":7,"botania:green_mystical_flower":20,"botania:orange_mystical_flower":24,"minecraft:blackstone":4,"minecraft:smoker":1,"cobblemon:leaf_stone_ore":1,"minecraft:torch":8,"cobblemon:apricorn_leaves":12,"botania:green_double_flower":3,"minecraft:blast_furnace":3,"minecraft:poppy":1,"minecraft:chest":3,"minecraft:cobblestone":41,"botania:blue_mystical_flower":11,"minecraft:sugar_cane":21,"minecraft:oak_planks":1,"minecraft:wall_torch":6,"botania:black_mystical_flower":12,"minecraft:pink_petals":29,"minecraft:birch_log":74,"minecraft:light_gray_wool":4,"minecraft:grass":193,"minecraft:oak_log":133,"minecraft:sand":68,"botania:gray_double_flower":1,"minecraft:dirt":1400,"minecraft:stonecutter":1,"minecraft:oak_leaves":220,"botania:magenta_double_flower":3,"botania:orange_double_flower":4,"farmersdelight:wild_carrots":5,"cobblemon:aspear_berry":2,"botania:brown_double_flower":2,"botania:cyan_double_flower":2,"rechiseled:spruce_planks_rotated_bricks_connecting":2,"minecraft:spruce_leaves":3,"minecraft:large_fern":1,"minecraft:hay_block":70,"botania:magenta_mystical_flower":16,"minecraft:polished_basalt":1,"minecraft:andesite":4,"cobblemon:green_apricorn":1,"botania:light_blue_double_flower":2,"minecraft:stone":190,"ad_astra:sky_stone":3,"botania:lime_mystical_flower":6,"minecraft:soul_sand":8,"minecraft:lily_of_the_valley":2,"minecraft:basalt":2,"minecraft:dandelion":6,"minecraft:crafting_table":12,"minecraft:cornflower":10,"minecraft:tall_grass":22,"minecraft:copper_ore":47,"botania:white_double_flower":1,"cobblemon:oran_berry":1,"minecraft:diorite":11,"cobblemon:yellow_apricorn_sapling":1,"botania:pink_mystical_flower":21,"botania:cyan_mystical_flower":15,"minecraft:spruce_log":6,"botania:white_mystical_flower":22,"minecraft:coal_ore":393,"botania:yellow_mystical_flower":17,"minecraft:cherry_leaves":57,"minecraft:gravel":14,"botania:gray_mystical_flower":15,"minecraft:chipped_anvil":2,"cobblemon:pink_apricorn_sapling":1},"minecraft:killed":{"minecraft:witch":2,"vampirism:advanced_vampire":1,"minecraft:spider":4,"vampirism:blinding_bat":1,"minecraft:chicken":1,"artifacts:mimic":1,"minecraft:pig":3,"minecraft:sheep":6,"minecraft:zombie":7,"minecraft:cow":18,"endermanoverhaul:flower_fields_enderman":1,"minecraft:horse":5,"cobblemon:pokemon":2},"minecraft:used":{"minecraft:iron_shovel":4561,"minecraft:poppy":1,"minecraft:polished_basalt":1,"minecraft:chest":14,"jeg:atlantean_spear":6,"minecraft:snowball":2,"minecraft:azure_bluet":2,"minecraft:cherry_leaves":31,"minecraft:furnace":3,"minecraft:oak_sapling":43,"minecraft:egg":8,"minecraft:diorite":8,"minecraft:stone_pickaxe":560,"minecraft:oak_planks":1,"occultism:datura_seeds":5,"minecraft:blackstone":4,"minecraft:wooden_pickaxe":36,"minecraft:composter":2,"minecraft:sugar_cane":10,"minecraft:diamond_axe":626,"toughasnails:water_canteen":312,"minecraft:oak_leaves":8,"minecraft:blast_furnace":3,"cobblemon:yellow_apricorn_seed":3,"minecraft:shears":212,"rechiseled:spruce_planks_mosaic":3,"cobblemon:green_apricorn_seed":4,"cobblemon:apricorn_log":5,"minecraft:bread":121,"tombstone:grave_key":1,"minecraft:gravel":3,"minecraft:wooden_sword":39,"cobblemon:red_apricorn_seed":2,"minecraft:andesite":4,"minecraft:oak_boat":3,"minecraft:bone_meal":15,"minecraft:stone_sword":338,"minecraft:stone_shovel":930,"minecraft:spruce_planks":4,"minecraft:wooden_shovel":7,"toughasnails:leaf_boots":2,"minecraft:orange_bed":6,"minecraft:torch":151,"minecraft:dirt":1361,"warhammersmod:hammer_iron":2,"toughasnails:empty_canteen":29,"minecraft:golden_shovel":33,"fabledweaponry:mace_iron":1,"minecraft:granite":11,"minecraft:wooden_axe":18,"minecraft:chipped_anvil":2,"cobblemon:pink_apricorn_seed":2,"minecraft:iron_boots":1,"cobblemon:pc":1,"minecraft:light_gray_wool":4,"minecraft:basalt":5,"tombstone:gift":3,"rechiseled:stone_small_bricks_connecting":1,"minecraft:wheat_seeds":7,"toughasnails:leaf_leggings":1,"minecraft:glass_bottle":5,"minecraft:stonecutter":2,"minecraft:crafting_table":19,"cobblemon:black_apricorn_seed":1,"botania:light_blue_mystical_flower":1,"minecraft:white_bed":1,"cobblemon:white_apricorn_seed":2,"minecraft:smoker":4,"cobblemon:healing_machine":1,"justhammers:iron_hammer":176,"minecraft:wooden_hoe":73,"fabledweaponry:maul_stone":1,"minecraft:iron_pickaxe":454,"toughasnails:leaf_chestplate":1,"minecraft:stone_axe":89,"ad_astra:sky_stone":7,"minecraft:pink_petals":266,"minecraft:cobblestone":163,"minecraft:potion":1,"toughasnails:purified_water_bottle":6,"minecraft:cooked_porkchop":5,"minecraft:dandelion":3,"minecraft:smooth_stone":3},"minecraft:crafted":{"minecraft:smooth_stone":5,"minecraft:oak_planks":44,"minecraft:cooked_chicken":4,"cobblemon:apricorn_planks":52,"ad_astra:hammer":1,"minecraft:stone":16,"toughasnails:leaf_leggings":4,"minecraft:cooked_mutton":7,"minecraft:glass":22,"minecraft:iron_boots":1,"minecraft:chest":12,"toughasnails:leaf_helmet":4,"cobblemon:azure_ball":8,"minecraft:cooked_rabbit":2,"minecraft:smoker":3,"toughasnails:leaf_boots":4,"minecraft:wooden_shovel":1,"minecraft:cooked_porkchop":9,"minecraft:crafting_table":7,"travelersbackpack:standard":1,"minecraft:wooden_pickaxe":2,"cobblemon:verdant_ball":16,"minecraft:clock":1,"minecraft:copper_ingot":64,"travelersbackpack:blue_sleeping_bag":1,"cobblemon:poke_ball":28,"minecraft:string":20,"minecraft:wooden_hoe":1,"minecraft:iron_chestplate":1,"cobblemon:healing_machine":1,"minecraft:paper":9,"fabledweaponry:maul_stone":1,"minecraft:stick":40,"minecraft:iron_ingot":71,"minecraft:iron_pickaxe":2,"minecraft:iron_block":1,"minecraft:stone_sword":2,"sereneseasons:calendar":1,"minecraft:gold_ingot":8,"fabledweaponry:mace_iron":1,"minecraft:composter":1,"minecraft:shears":1,"toughasnails:empty_canteen":1,"minecraft:cherry_planks":8,"minecraft:stone_shovel":7,"minecraft:furnace":7,"warhammersmod:hammer_iron":1,"cobblemon:apricorn_slab":12,"botania:flower_bag":1,"minecraft:stone_pickaxe":5,"botania:light_blue_petal":2,"justneeded:white_wool_slab":3,"cobblemon:citrine_ball":4,"minecraft:wheat":254,"minecraft:cooked_beef":29,"minecraft:coal_block":36,"paraglider:paraglider":1,"toughasnails:leaf_chestplate":4,"travelersbackpack:backpack_tank":2,"cobblemon:pc":1,"cobblemon:roseate_ball":4,"minecraft:stone_axe":1,"minecraft:air":0,"minecraft:bread":210,"cobblemon:heal_ball":8,"minecraft:oak_boat":1,"justhammers:iron_hammer":2,"minecraft:white_wool":7,"minecraft:white_dye":2,"minecraft:wooden_axe":1,"minecraft:blue_wool":2,"minecraft:iron_shovel":19,"minecraft:iron_leggings":1,"minecraft:stonecutter":1,"minecraft:white_bed":1,"minecraft:torch":60,"cobblemon:ultra_ball":16,"cobblemon:great_ball":8},"minecraft:killed_by":{"naturalist:rattlesnake":1,"minecraft:creeper":7,"artifacts:mimic":1,"minecraft:player":2,"minecraft:spider":1,"minecraft:skeleton":5},"minecraft:broken":{"minecraft:iron_shovel":18,"toughasnails:leaf_boots":3,"toughasnails:leaf_chestplate":3,"minecraft:shears":1,"minecraft:golden_shovel":1,"minecraft:stone_pickaxe":4,"minecraft:wooden_sword":1,"minecraft:stone_shovel":7,"toughasnails:leaf_leggings":3,"minecraft:stone_sword":1,"justhammers:iron_hammer":1,"toughasnails:water_canteen":28,"minecraft:wooden_pickaxe":1,"minecraft:iron_pickaxe":1,"toughasnails:leaf_helmet":3,"minecraft:wooden_hoe":1},"minecraft:custom":{"minecraft:interact_with_crafting_table":123,"minecraft:open_barrel":11,"minecraft:leave_game":11,"minecraft:time_since_death":12868,"minecraft:sprint_one_cm":2823335,"minecraft:drop":142,"minecraft:play_time":815412,"minecraft:deaths":25,"minecraft:jump":9668,"minecraft:walk_on_water_one_cm":93498,"minecraft:interact_with_furnace":41,"minecraft:sleep_in_bed":32,"minecraft:damage_dealt":10261,"minecraft:crouch_one_cm":21565,"tombstone:undead_killed":7,"minecraft:interact_with_smoker":18,"minecraft:horse_one_cm":3400,"minecraft:interact_with_anvil":2,"minecraft:mob_kills":53,"minecraft:damage_dealt_resisted":507,"minecraft:walk_one_cm":1982352,"minecraft:sneak_time":12417,"minecraft:walk_under_water_one_cm":24307,"minecraft:boat_one_cm":114345,"minecraft:interact_with_blast_furnace":18,"minecraft:total_world_time":815412,"tombstone:raider_killed":2,"minecraft:interact_with_stonecutter":1,"minecraft:time_since_rest":12525,"minecraft:damage_taken":10252,"minecraft:swim_one_cm":88030,"minecraft:fly_one_cm":2042762,"minecraft:open_chest":516,"minecraft:fall_one_cm":206598},"minecraft:dropped":{"jeg:atlantean_spear":2,"occultism:datura_seeds":1,"botania:red_mystical_flower":9,"cobblemon:verdant_ball":8,"minecraft:leather_helmet":2,"minecraft:dirt":48,"minecraft:grass":1,"cobblemon:poke_ball":28,"botania:green_mystical_flower":10,"farmersdelight:onion":7,"sereneseasons:calendar":1,"cobblemon:ultra_ball":10,"minecraft:rotten_flesh":3,"rotten_flesh_to_leather:sodium":1,"botania:blue_mystical_flower":10,"minecraft:arrow":1,"minecraft:beef":1,"minecraft:oak_leaves":10,"minecraft:enchanted_book":1,"minecraft:bread":26,"toughasnails:water_canteen":4,"botania:yellow_mystical_flower":10,"minecraft:wheat_seeds":24,"minecraft:feather":1,"minecraft:cobblestone":33,"minecraft:apple":2,"botania:light_blue_mystical_flower":6,"cobblemon:apricorn_log":10,"minecraft:diorite":2,"toughasnails:leaf_boots":1,"tombstone:grave_dust":1,"toughasnails:leaf_helmet":1,"toughasnails:leaf_leggings":2,"minecraft:orange_bed":1,"minecraft:string":4,"minecraft:pink_petals":36,"minecraft:furnace":1,"jeg:repair_kit":1,"minecraft:kelp":14,"minecraft:soul_soil":1,"toughasnails:leaf_chestplate":1,"minecraft:raw_copper":64,"cobblemon:azure_ball":6,"minecraft:chicken":1,"rechiseled:spruce_planks_mosaic":1,"minecraft:potato":2,"botania:green_double_flower":1,"minecraft:spruce_planks":9,"minecraft:wooden_pickaxe":1,"minecraft:magma_block":6},"minecraft:picked_up":{"toughasnails:leaf_leggings":2,"cobblemon:leaf_stone":1,"minecraft:wheat":7,"cobblemon:red_apricorn":95,"minecraft:potion":1,"minecraft:enchanted_book":2,"botania:light_blue_double_flower":2,"cobblemon:wepear_berry":11,"minecraft:string":8,"minecraft:soul_soil":1,"minecraft:raw_copper":192,"cobblemon:white_apricorn_seed":3,"minecraft:spruce_planks":5,"toughasnails:leaf_boots":1,"cobblemon:oran_berry":90,"minecraft:iron_pickaxe":2,"cobblemon:big_root":12,"minecraft:coal_block":324,"minecraft:stick":125,"cobblemon:apricorn_log":162,"botania:cyan_double_flower":1,"minecraft:composter":1,"minecraft:torch":34,"botania:yellow_mystical_flower":10,"minecraft:porkchop":11,"minecraft:cherry_log":44,"minecraft:diorite":12,"tombstone:grave_dust":3,"minecraft:cauldron":4,"botania:white_mystical_flower":7,"minecraft:orange_bed":7,"minecraft:rotten_flesh":16,"minecraft:stone_sword":3,"vampirism:blood_bottle":1,"botania:orange_double_flower":2,"minecraft:polished_basalt":1,"cobblemon:verdant_ball":1,"minecraft:snowball":2,"minecraft:cobblestone":1023,"minecraft:birch_log":65,"minecraft:pink_petals":326,"occultism:datura_seeds":9,"minecraft:magma_block":12,"minecraft:feather":5,"cobblemon:great_ball":1,"cobblemon:ultra_ball":11,"minecraft:cherry_leaves":55,"minecraft:andesite":4,"minecraft:brown_wool":3,"minecraft:smoker":1,"cobblemon:razz_berry":34,"toughasnails:leaf_helmet":1,"minecraft:flint":1,"minecraft:dirt":5424,"botania:cyan_mystical_flower":8,"minecraft:bone":2,"minecraft:chipped_anvil":2,"rechiseled:stone_small_bricks_connecting":1,"minecraft:wheat_seeds":75,"minecraft:stonecutter":1,"botania:pink_mystical_flower":5,"cobblemon:black_apricorn":57,"rechiseled:spruce_planks_mosaic":4,"fabledweaponry:mace_iron":1,"minecraft:rabbit":2,"botania:gray_mystical_flower":9,"botania:red_mystical_flower":9,"botania:gray_double_flower":1,"botania:pink_double_flower":1,"minecraft:sand":66,"cobblemon:persim_berry":31,"immersive_armors:divine_boots":2,"minecraft:lily_of_the_valley":2,"cobblemon:aspear_berry":40,"naturalist:duck_egg":1,"fabledweaponry:maul_stone":1,"toughasnails:water_canteen":4,"minecraft:diamond":4,"jeg:repair_kit":1,"minecraft:granite":12,"minecraft:grass":1,"minecraft:bone_meal":9,"cobblemon:rindo_berry":1,"minecraft:emerald":4,"minecraft:bread":30,"cobblemon:chesto_berry":8,"immersive_armors:divine_helmet":1,"cobblemon:medicinal_leek":24,"minecraft:oak_sapling":43,"minecraft:oak_leaves":143,"minecraft:crafting_table":12,"minecraft:azure_bluet":63,"minecraft:chicken":5,"cobblemon:yellow_apricorn":54,"warhammersmod:hammer_iron":1,"minecraft:wooden_pickaxe":1,"ad_astra:sky_stone":7,"minecraft:cornflower":10,"cobblemon:lum_berry":2,"minecraft:wooden_sword":1,"cobblemon:white_apricorn":27,"botania:magenta_mystical_flower":3,"minecraft:blackstone":4,"cobblemon:green_apricorn":33,"minecraft:beef":40,"minecraft:oak_boat":4,"minecraft:poppy":1,"minecraft:light_gray_wool":4,"minecraft:sugar_cane":33,"minecraft:chest":3,"minecraft:birch_sapling":14,"cobblemon:green_apricorn_seed":4,"minecraft:egg":14,"minecraft:raw_iron":69,"rotten_flesh_to_leather:sodium":4,"minecraft:carrot":5,"cobblemon:dawn_stone":3,"minecraft:arrow":4,"cobblemon:everstone":1,"minecraft:hay_block":70,"botania:blue_mystical_flower":11,"artifacts:running_shoes":1,"cobblemon:black_augurite":1,"botania:green_mystical_flower":13,"minecraft:mutton":7,"botania:magenta_double_flower":1,"cobblemon:blue_apricorn":26,"minecraft:white_wool":7,"botania:light_blue_petal":2,"minecraft:basalt":5,"minecraft:leather":21,"cobblemon:kebia_berry":3,"minecraft:filled_map":1,"botania:green_double_flower":1,"minecraft:oak_log":126,"minecraft:wooden_hoe":2,"cobblemon:pink_apricorn_seed":4,"botania:light_blue_mystical_flower":21,"minecraft:apple":6,"minecraft:kelp":14,"guideapi_vp:vampirism-guidebook":1,"jeg:atlantean_spear":2,"minecraft:rabbit_hide":2,"minecraft:iron_ingot":61,"cobblemon:coba_berry":24,"minecraft:soul_sand":8,"toughasnails:leaf_chestplate":1,"cobblemon:red_apricorn_seed":13,"cobblemon:black_apricorn_seed":4,"minecraft:dandelion":54,"minecraft:gravel":13,"cobblemon:cheri_berry":6,"cobblemon:yellow_apricorn_seed":6,"minecraft:blast_furnace":3,"cobblemon:pink_apricorn":15,"minecraft:spider_eye":2,"minecraft:leather_helmet":3,"botania:orange_mystical_flower":5,"minecraft:diamond_axe":3,"minecraft:cherry_sapling":30,"minecraft:gray_wool":1,"minecraft:black_wool":3,"minecraft:coal":421,"minecraft:ender_pearl":1}},"DataVersion":3465}