{"stats":{"minecraft:picked_up":{"toughasnails:leaf_leggings":1,"minecraft:crafting_table":10,"cobblemon:leaf_stone":1,"cobblemon:yellow_apricorn":16,"warhammersmod:hammer_iron":1,"cobblemon:red_apricorn":20,"minecraft:potion":1,"minecraft:enchanted_book":2,"botania:light_blue_double_flower":2,"cobblemon:wepear_berry":11,"minecraft:string":6,"minecraft:raw_copper":192,"cobblemon:lum_berry":2,"minecraft:wooden_sword":1,"cobblemon:white_apricorn":6,"botania:magenta_mystical_flower":3,"cobblemon:green_apricorn":24,"cobblemon:white_apricorn_seed":1,"toughasnails:leaf_boots":1,"minecraft:beef":3,"cobblemon:oran_berry":90,"minecraft:poppy":1,"minecraft:light_gray_wool":4,"cobblemon:big_root":12,"minecraft:sugar_cane":33,"minecraft:chest":3,"minecraft:birch_sapling":14,"cobblemon:green_apricorn_seed":4,"minecraft:egg":5,"minecraft:stick":74,"minecraft:raw_iron":54,"cobblemon:apricorn_log":107,"botania:cyan_double_flower":1,"minecraft:torch":13,"botania:yellow_mystical_flower":10,"minecraft:porkchop":2,"minecraft:cherry_log":10,"minecraft:diorite":12,"tombstone:grave_dust":2,"minecraft:carrot":5,"botania:white_mystical_flower":7,"minecraft:orange_bed":5,"cobblemon:dawn_stone":3,"minecraft:arrow":3,"vampirism:blood_bottle":1,"minecraft:rotten_flesh":10,"botania:orange_double_flower":2,"minecraft:hay_block":52,"botania:blue_mystical_flower":11,"artifacts:running_shoes":1,"cobblemon:verdant_ball":1,"minecraft:cobblestone":120,"botania:green_mystical_flower":13,"minecraft:mutton":2,"botania:magenta_double_flower":1,"cobblemon:blue_apricorn":18,"minecraft:white_wool":5,"minecraft:birch_log":65,"minecraft:pink_petals":189,"occultism:datura_seeds":2,"botania:light_blue_petal":2,"cobblemon:ultra_ball":3,"minecraft:feather":1,"minecraft:cherry_leaves":55,"minecraft:andesite":4,"minecraft:brown_wool":2,"minecraft:leather":4,"cobblemon:kebia_berry":3,"cobblemon:razz_berry":34,"toughasnails:leaf_helmet":1,"botania:green_double_flower":1,"minecraft:oak_log":81,"minecraft:dirt":222,"cobblemon:pink_apricorn_seed":2,"botania:light_blue_mystical_flower":21,"minecraft:chipped_anvil":1,"botania:cyan_mystical_flower":8,"minecraft:apple":5,"cobblemon:black_apricorn":16,"botania:pink_mystical_flower":5,"minecraft:wheat_seeds":17,"fabledweaponry:mace_iron":1,"guideapi_vp:vampirism-guidebook":1,"cobblemon:coba_berry":24,"botania:gray_mystical_flower":9,"toughasnails:leaf_chestplate":1,"cobblemon:red_apricorn_seed":3,"botania:red_mystical_flower":9,"botania:gray_double_flower":1,"botania:pink_double_flower":1,"minecraft:gravel":3,"cobblemon:cheri_berry":6,"cobblemon:yellow_apricorn_seed":2,"cobblemon:persim_berry":20,"minecraft:blast_furnace":2,"cobblemon:pink_apricorn":8,"fabledweaponry:maul_stone":1,"minecraft:lily_of_the_valley":2,"cobblemon:aspear_berry":36,"minecraft:spider_eye":2,"minecraft:leather_helmet":1,"toughasnails:water_canteen":4,"botania:orange_mystical_flower":5,"minecraft:granite":8,"minecraft:cherry_sapling":5,"minecraft:bread":1,"cobblemon:chesto_berry":8,"cobblemon:medicinal_leek":24,"minecraft:oak_sapling":26,"minecraft:black_wool":2,"minecraft:coal":214,"minecraft:oak_leaves":10},"minecraft:dropped":{"minecraft:enchanted_book":1,"minecraft:bread":26,"toughasnails:water_canteen":4,"botania:yellow_mystical_flower":10,"minecraft:wheat_seeds":22,"botania:red_mystical_flower":9,"minecraft:feather":1,"minecraft:cobblestone":27,"minecraft:apple":2,"cobblemon:verdant_ball":8,"botania:light_blue_mystical_flower":6,"cobblemon:apricorn_log":5,"minecraft:diorite":2,"botania:green_mystical_flower":10,"toughasnails:leaf_boots":1,"toughasnails:leaf_helmet":1,"toughasnails:leaf_leggings":1,"minecraft:orange_bed":1,"minecraft:string":4,"minecraft:pink_petals":32,"sereneseasons:calendar":1,"cobblemon:ultra_ball":10,"minecraft:furnace":1,"toughasnails:leaf_chestplate":1,"minecraft:raw_copper":64,"cobblemon:azure_ball":6,"botania:green_double_flower":1,"botania:blue_mystical_flower":10,"minecraft:arrow":1,"minecraft:beef":1,"minecraft:oak_leaves":10},"minecraft:used":{"minecraft:stone_sword":182,"minecraft:stone_shovel":131,"minecraft:poppy":1,"minecraft:chest":14,"toughasnails:leaf_boots":1,"minecraft:wooden_shovel":7,"minecraft:orange_bed":4,"minecraft:torch":114,"minecraft:dirt":134,"warhammersmod:hammer_iron":2,"toughasnails:empty_canteen":13,"fabledweaponry:mace_iron":1,"minecraft:granite":7,"minecraft:wooden_axe":18,"minecraft:chipped_anvil":1,"cobblemon:pink_apricorn_seed":2,"minecraft:iron_boots":1,"minecraft:light_gray_wool":4,"minecraft:oak_sapling":5,"tombstone:gift":2,"minecraft:egg":4,"minecraft:diorite":8,"toughasnails:leaf_leggings":1,"minecraft:glass_bottle":2,"minecraft:stone_pickaxe":464,"minecraft:oak_planks":1,"occultism:datura_seeds":5,"minecraft:wooden_pickaxe":9,"minecraft:sugar_cane":10,"minecraft:diamond_axe":352,"toughasnails:water_canteen":191,"minecraft:crafting_table":13,"botania:light_blue_mystical_flower":1,"cobblemon:yellow_apricorn_seed":2,"minecraft:blast_furnace":2,"minecraft:white_bed":1,"cobblemon:white_apricorn_seed":1,"minecraft:shears":57,"cobblemon:green_apricorn_seed":4,"fabledweaponry:maul_stone":1,"cobblemon:apricorn_log":5,"minecraft:bread":65,"toughasnails:leaf_chestplate":1,"minecraft:gravel":3,"minecraft:stone_axe":89,"minecraft:pink_petals":119,"cobblemon:red_apricorn_seed":2,"minecraft:wooden_sword":39,"minecraft:cobblestone":72,"minecraft:potion":1,"toughasnails:purified_water_bottle":2,"minecraft:andesite":4,"minecraft:bone_meal":6},"minecraft:mined":{"minecraft:farmland":1,"botania:orange_double_flower":2,"botania:red_mystical_flower":9,"cobblemon:dawn_stone_ore":1,"minecraft:cherry_log":10,"farmersdelight:wild_carrots":5,"cobblemon:aspear_berry":2,"botania:pink_double_flower":1,"cobblemon:apricorn_log":107,"cobblemon:big_root":6,"minecraft:granite":8,"cobblemon:pink_apricorn":1,"minecraft:grass_block":69,"botania:brown_double_flower":1,"botania:cyan_double_flower":1,"botania:light_gray_mystical_flower":5,"minecraft:hay_block":52,"botania:magenta_mystical_flower":15,"minecraft:iron_ore":54,"minecraft:andesite":4,"botania:lime_double_flower":1,"cobblemon:medicinal_leek":5,"cobblemon:green_apricorn_sapling":1,"cobblemon:white_apricorn":1,"botania:brown_mystical_flower":23,"cobblemon:green_apricorn":1,"botania:light_blue_double_flower":2,"minecraft:stone":101,"botania:light_blue_mystical_flower":28,"minecraft:orange_bed":5,"botania:green_mystical_flower":14,"botania:lime_mystical_flower":6,"botania:orange_mystical_flower":15,"minecraft:lily_of_the_valley":2,"cobblemon:leaf_stone_ore":1,"minecraft:crafting_table":10,"minecraft:torch":6,"cobblemon:apricorn_leaves":7,"botania:green_double_flower":1,"minecraft:blast_furnace":2,"minecraft:poppy":1,"minecraft:chest":3,"minecraft:copper_ore":47,"minecraft:tall_grass":11,"minecraft:cobblestone":18,"botania:blue_mystical_flower":11,"minecraft:sugar_cane":21,"minecraft:oak_planks":1,"cobblemon:oran_berry":1,"minecraft:diorite":11,"botania:black_mystical_flower":3,"minecraft:wall_torch":3,"minecraft:pink_petals":17,"botania:pink_mystical_flower":21,"botania:cyan_mystical_flower":8,"minecraft:birch_log":74,"minecraft:spruce_log":6,"minecraft:light_gray_wool":4,"minecraft:grass":74,"minecraft:oak_log":83,"botania:white_mystical_flower":14,"minecraft:coal_ore":213,"botania:yellow_mystical_flower":17,"minecraft:cherry_leaves":57,"botania:gray_double_flower":1,"minecraft:gravel":3,"minecraft:dirt":95,"botania:gray_mystical_flower":15,"minecraft:chipped_anvil":1,"cobblemon:pink_apricorn_sapling":1,"minecraft:oak_leaves":5,"botania:magenta_double_flower":2},"minecraft:broken":{"toughasnails:leaf_leggings":1,"toughasnails:leaf_boots":1,"toughasnails:leaf_chestplate":1,"toughasnails:water_canteen":13,"minecraft:stone_pickaxe":3,"minecraft:wooden_sword":1,"toughasnails:leaf_helmet":1,"minecraft:stone_shovel":1},"minecraft:killed":{"minecraft:witch":1,"vampirism:advanced_vampire":1,"minecraft:spider":4,"minecraft:horse":1,"vampirism:blinding_bat":1,"artifacts:mimic":1,"minecraft:pig":2,"cobblemon:pokemon":1,"minecraft:sheep":2,"minecraft:zombie":7,"minecraft:cow":1},"minecraft:crafted":{"minecraft:oak_planks":20,"minecraft:stone_shovel":1,"cobblemon:apricorn_planks":32,"ad_astra:hammer":1,"minecraft:furnace":1,"minecraft:stone":8,"toughasnails:leaf_leggings":1,"warhammersmod:hammer_iron":1,"minecraft:iron_boots":1,"botania:flower_bag":1,"minecraft:stone_pickaxe":5,"minecraft:chest":11,"toughasnails:leaf_helmet":1,"botania:light_blue_petal":2,"cobblemon:azure_ball":8,"cobblemon:citrine_ball":4,"minecraft:wheat":99,"toughasnails:leaf_boots":1,"minecraft:wooden_shovel":1,"minecraft:crafting_table":3,"toughasnails:leaf_chestplate":1,"cobblemon:verdant_ball":16,"minecraft:wooden_pickaxe":1,"minecraft:clock":1,"minecraft:copper_ingot":64,"cobblemon:roseate_ball":4,"minecraft:stone_axe":1,"minecraft:bread":156,"cobblemon:heal_ball":8,"minecraft:paper":9,"minecraft:string":8,"minecraft:iron_chestplate":1,"minecraft:white_wool":4,"minecraft:white_dye":2,"fabledweaponry:maul_stone":1,"minecraft:stick":40,"sereneseasons:calendar":1,"minecraft:iron_ingot":56,"minecraft:iron_block":1,"minecraft:wooden_axe":1,"minecraft:iron_leggings":1,"minecraft:stone_sword":2,"minecraft:gold_ingot":8,"minecraft:white_bed":1,"fabledweaponry:mace_iron":1,"minecraft:torch":60,"cobblemon:ultra_ball":8,"cobblemon:great_ball":8,"toughasnails:empty_canteen":1},"minecraft:custom":{"minecraft:mob_kills":22,"minecraft:interact_with_crafting_table":60,"minecraft:open_barrel":6,"minecraft:damage_dealt_resisted":507,"minecraft:leave_game":1,"minecraft:time_since_death":31211,"minecraft:sprint_one_cm":1240276,"minecraft:walk_one_cm":675204,"minecraft:drop":83,"minecraft:play_time":367067,"minecraft:deaths":12,"minecraft:sneak_time":4053,"minecraft:walk_under_water_one_cm":15976,"minecraft:jump":5456,"minecraft:interact_with_blast_furnace":12,"minecraft:walk_on_water_one_cm":58688,"minecraft:total_world_time":367067,"minecraft:interact_with_furnace":21,"tombstone:raider_killed":1,"minecraft:sleep_in_bed":14,"minecraft:time_since_rest":18158,"minecraft:damage_taken":4824,"minecraft:damage_dealt":5822,"minecraft:swim_one_cm":52665,"minecraft:fly_one_cm":1130931,"minecraft:open_chest":182,"minecraft:crouch_one_cm":6839,"tombstone:undead_killed":7,"minecraft:fall_one_cm":119984,"minecraft:horse_one_cm":3400},"minecraft:killed_by":{"naturalist:rattlesnake":1,"minecraft:player":2,"minecraft:creeper":5,"minecraft:spider":1,"minecraft:skeleton":2,"artifacts:mimic":1}},"DataVersion":3465}