{"stats":{"minecraft:killed":{"minecraft:witch":2,"vampirism:advanced_vampire":1,"minecraft:spider":4,"vampirism:blinding_bat":1,"artifacts:mimic":1,"minecraft:pig":2,"minecraft:sheep":2,"minecraft:zombie":7,"minecraft:cow":10,"endermanoverhaul:flower_fields_enderman":1,"minecraft:horse":5,"cobblemon:pokemon":1},"minecraft:crafted":{"minecraft:smooth_stone":5,"minecraft:oak_planks":44,"cobblemon:apricorn_planks":52,"ad_astra:hammer":1,"minecraft:stone":16,"toughasnails:leaf_leggings":2,"minecraft:iron_boots":1,"minecraft:chest":11,"toughasnails:leaf_helmet":2,"cobblemon:azure_ball":8,"toughasnails:leaf_boots":2,"minecraft:wooden_shovel":1,"minecraft:crafting_table":7,"minecraft:wooden_pickaxe":2,"cobblemon:verdant_ball":16,"minecraft:clock":1,"minecraft:copper_ingot":64,"cobblemon:poke_ball":28,"minecraft:string":8,"minecraft:wooden_hoe":1,"minecraft:iron_chestplate":1,"cobblemon:healing_machine":1,"minecraft:paper":9,"fabledweaponry:maul_stone":1,"minecraft:stick":40,"minecraft:iron_ingot":56,"minecraft:iron_pickaxe":2,"minecraft:iron_block":1,"minecraft:stone_sword":2,"sereneseasons:calendar":1,"minecraft:gold_ingot":8,"fabledweaponry:mace_iron":1,"minecraft:composter":1,"toughasnails:empty_canteen":1,"minecraft:cherry_planks":8,"minecraft:stone_shovel":7,"minecraft:furnace":1,"warhammersmod:hammer_iron":1,"cobblemon:apricorn_slab":12,"botania:flower_bag":1,"minecraft:stone_pickaxe":5,"botania:light_blue_petal":2,"cobblemon:citrine_ball":4,"minecraft:wheat":254,"minecraft:coal_block":18,"toughasnails:leaf_chestplate":2,"cobblemon:pc":1,"cobblemon:roseate_ball":4,"minecraft:stone_axe":1,"minecraft:bread":210,"cobblemon:heal_ball":8,"minecraft:oak_boat":1,"justhammers:iron_hammer":2,"minecraft:white_wool":4,"minecraft:white_dye":2,"minecraft:wooden_axe":1,"minecraft:iron_shovel":17,"minecraft:iron_leggings":1,"minecraft:stonecutter":1,"minecraft:white_bed":1,"minecraft:torch":60,"cobblemon:ultra_ball":16,"cobblemon:great_ball":8},"minecraft:mined":{"minecraft:spruce_planks":4,"minecraft:farmland":1,"botania:red_mystical_flower":9,"cobblemon:dawn_stone_ore":1,"minecraft:cherry_log":44,"botania:pink_double_flower":1,"cobblemon:big_root":6,"cobblemon:apricorn_log":162,"minecraft:granite":12,"cobblemon:pink_apricorn":1,"minecraft:grass_block":3757,"minecraft:soul_soil":1,"minecraft:coal_block":248,"botania:black_double_flower":2,"minecraft:composter":1,"botania:light_gray_mystical_flower":5,"minecraft:magma_block":3,"minecraft:iron_ore":69,"botania:lime_double_flower":1,"minecraft:azure_bluet":5,"cobblemon:medicinal_leek":5,"cobblemon:green_apricorn_sapling":1,"minecraft:water_cauldron":4,"minecraft:dirt_path":2,"cobblemon:white_apricorn":1,"botania:brown_mystical_flower":31,"botania:light_blue_mystical_flower":32,"minecraft:orange_bed":6,"botania:green_mystical_flower":20,"botania:orange_mystical_flower":24,"minecraft:blackstone":4,"cobblemon:leaf_stone_ore":1,"minecraft:torch":8,"cobblemon:apricorn_leaves":12,"botania:green_double_flower":3,"minecraft:blast_furnace":3,"minecraft:poppy":1,"minecraft:chest":3,"minecraft:cobblestone":41,"botania:blue_mystical_flower":11,"minecraft:sugar_cane":21,"minecraft:oak_planks":1,"minecraft:wall_torch":4,"botania:black_mystical_flower":12,"minecraft:pink_petals":26,"minecraft:birch_log":74,"minecraft:light_gray_wool":4,"minecraft:grass":174,"minecraft:oak_log":129,"botania:gray_double_flower":1,"minecraft:dirt":1336,"minecraft:stonecutter":1,"minecraft:oak_leaves":103,"botania:magenta_double_flower":3,"botania:orange_double_flower":4,"farmersdelight:wild_carrots":5,"cobblemon:aspear_berry":2,"botania:brown_double_flower":2,"botania:cyan_double_flower":2,"rechiseled:spruce_planks_rotated_bricks_connecting":2,"minecraft:spruce_leaves":3,"minecraft:large_fern":1,"minecraft:hay_block":70,"botania:magenta_mystical_flower":16,"minecraft:polished_basalt":1,"minecraft:andesite":4,"cobblemon:green_apricorn":1,"botania:light_blue_double_flower":2,"minecraft:stone":189,"ad_astra:sky_stone":3,"botania:lime_mystical_flower":6,"minecraft:soul_sand":8,"minecraft:lily_of_the_valley":2,"minecraft:basalt":2,"minecraft:dandelion":6,"minecraft:crafting_table":11,"minecraft:tall_grass":21,"minecraft:copper_ore":47,"botania:white_double_flower":1,"cobblemon:oran_berry":1,"minecraft:diorite":11,"cobblemon:yellow_apricorn_sapling":1,"botania:pink_mystical_flower":21,"botania:cyan_mystical_flower":15,"minecraft:spruce_log":6,"botania:white_mystical_flower":22,"minecraft:coal_ore":390,"botania:yellow_mystical_flower":17,"minecraft:cherry_leaves":57,"minecraft:gravel":14,"botania:gray_mystical_flower":15,"minecraft:chipped_anvil":2,"cobblemon:pink_apricorn_sapling":1},"minecraft:picked_up":{"toughasnails:leaf_leggings":2,"cobblemon:leaf_stone":1,"minecraft:wheat":7,"cobblemon:red_apricorn":95,"minecraft:potion":1,"minecraft:enchanted_book":2,"botania:light_blue_double_flower":2,"cobblemon:wepear_berry":11,"minecraft:string":8,"minecraft:soul_soil":1,"minecraft:raw_copper":192,"cobblemon:white_apricorn_seed":3,"minecraft:spruce_planks":5,"toughasnails:leaf_boots":1,"cobblemon:oran_berry":90,"minecraft:iron_pickaxe":2,"cobblemon:big_root":12,"minecraft:coal_block":324,"minecraft:stick":125,"cobblemon:apricorn_log":162,"botania:cyan_double_flower":1,"minecraft:composter":1,"minecraft:torch":32,"botania:yellow_mystical_flower":10,"minecraft:porkchop":4,"minecraft:cherry_log":44,"minecraft:diorite":12,"tombstone:grave_dust":3,"minecraft:cauldron":4,"botania:white_mystical_flower":7,"minecraft:orange_bed":6,"minecraft:rotten_flesh":14,"minecraft:stone_sword":3,"vampirism:blood_bottle":1,"botania:orange_double_flower":2,"minecraft:polished_basalt":1,"cobblemon:verdant_ball":1,"minecraft:snowball":2,"minecraft:cobblestone":1022,"minecraft:birch_log":65,"minecraft:pink_petals":317,"occultism:datura_seeds":8,"minecraft:magma_block":12,"minecraft:feather":1,"cobblemon:great_ball":1,"cobblemon:ultra_ball":11,"minecraft:cherry_leaves":55,"minecraft:andesite":4,"minecraft:brown_wool":2,"cobblemon:razz_berry":34,"toughasnails:leaf_helmet":1,"minecraft:flint":1,"minecraft:dirt":5036,"botania:cyan_mystical_flower":8,"minecraft:bone":2,"minecraft:chipped_anvil":2,"rechiseled:stone_small_bricks_connecting":1,"minecraft:wheat_seeds":65,"minecraft:stonecutter":1,"botania:pink_mystical_flower":5,"cobblemon:black_apricorn":57,"rechiseled:spruce_planks_mosaic":4,"fabledweaponry:mace_iron":1,"minecraft:rabbit":1,"botania:gray_mystical_flower":9,"botania:red_mystical_flower":9,"botania:gray_double_flower":1,"botania:pink_double_flower":1,"cobblemon:persim_berry":31,"immersive_armors:divine_boots":2,"minecraft:lily_of_the_valley":2,"cobblemon:aspear_berry":40,"naturalist:duck_egg":1,"fabledweaponry:maul_stone":1,"toughasnails:water_canteen":4,"minecraft:diamond":4,"minecraft:granite":12,"minecraft:bone_meal":9,"cobblemon:rindo_berry":1,"minecraft:emerald":4,"minecraft:bread":30,"cobblemon:chesto_berry":8,"immersive_armors:divine_helmet":1,"cobblemon:medicinal_leek":24,"minecraft:oak_sapling":43,"minecraft:oak_leaves":42,"minecraft:crafting_table":11,"minecraft:azure_bluet":63,"minecraft:chicken":2,"cobblemon:yellow_apricorn":54,"warhammersmod:hammer_iron":1,"minecraft:wooden_pickaxe":1,"ad_astra:sky_stone":7,"cobblemon:lum_berry":2,"minecraft:wooden_sword":1,"cobblemon:white_apricorn":27,"botania:magenta_mystical_flower":3,"minecraft:blackstone":4,"cobblemon:green_apricorn":33,"minecraft:beef":20,"minecraft:oak_boat":4,"minecraft:poppy":1,"minecraft:light_gray_wool":4,"minecraft:sugar_cane":33,"minecraft:chest":3,"minecraft:birch_sapling":14,"cobblemon:green_apricorn_seed":4,"minecraft:egg":13,"minecraft:raw_iron":69,"minecraft:carrot":5,"cobblemon:dawn_stone":3,"minecraft:arrow":4,"cobblemon:everstone":1,"minecraft:hay_block":70,"botania:blue_mystical_flower":11,"artifacts:running_shoes":1,"cobblemon:black_augurite":1,"botania:green_mystical_flower":13,"minecraft:mutton":2,"botania:magenta_double_flower":1,"cobblemon:blue_apricorn":26,"minecraft:white_wool":5,"botania:light_blue_petal":2,"minecraft:basalt":5,"minecraft:leather":16,"cobblemon:kebia_berry":3,"botania:green_double_flower":1,"minecraft:oak_log":122,"minecraft:wooden_hoe":2,"cobblemon:pink_apricorn_seed":4,"botania:light_blue_mystical_flower":21,"minecraft:apple":6,"minecraft:kelp":14,"guideapi_vp:vampirism-guidebook":1,"minecraft:rabbit_hide":1,"minecraft:iron_ingot":61,"cobblemon:coba_berry":24,"minecraft:soul_sand":8,"toughasnails:leaf_chestplate":1,"cobblemon:red_apricorn_seed":13,"cobblemon:black_apricorn_seed":4,"minecraft:dandelion":54,"minecraft:gravel":13,"cobblemon:cheri_berry":6,"cobblemon:yellow_apricorn_seed":6,"minecraft:blast_furnace":3,"cobblemon:pink_apricorn":15,"minecraft:spider_eye":2,"minecraft:leather_helmet":3,"botania:orange_mystical_flower":5,"minecraft:diamond_axe":3,"minecraft:cherry_sapling":30,"minecraft:black_wool":2,"minecraft:coal":418,"minecraft:ender_pearl":1},"minecraft:custom":{"minecraft:interact_with_crafting_table":103,"minecraft:open_barrel":11,"minecraft:leave_game":10,"minecraft:time_since_death":149507,"minecraft:sprint_one_cm":2394102,"minecraft:drop":136,"minecraft:play_time":727106,"minecraft:deaths":21,"minecraft:jump":8745,"minecraft:walk_on_water_one_cm":72588,"minecraft:interact_with_furnace":31,"minecraft:sleep_in_bed":29,"minecraft:damage_dealt":8536,"minecraft:crouch_one_cm":19825,"tombstone:undead_killed":7,"minecraft:horse_one_cm":3400,"minecraft:interact_with_anvil":1,"minecraft:mob_kills":38,"minecraft:damage_dealt_resisted":507,"minecraft:walk_one_cm":1771313,"minecraft:sneak_time":11521,"minecraft:walk_under_water_one_cm":21437,"minecraft:boat_one_cm":114345,"minecraft:interact_with_blast_furnace":14,"minecraft:total_world_time":727106,"tombstone:raider_killed":2,"minecraft:interact_with_stonecutter":1,"minecraft:time_since_rest":10760,"minecraft:damage_taken":7769,"minecraft:swim_one_cm":66478,"minecraft:fly_one_cm":1753212,"minecraft:open_chest":410,"minecraft:fall_one_cm":186339},"minecraft:used":{"minecraft:iron_shovel":4091,"minecraft:poppy":1,"minecraft:polished_basalt":1,"minecraft:chest":14,"minecraft:snowball":2,"minecraft:azure_bluet":2,"minecraft:cherry_leaves":31,"minecraft:oak_sapling":43,"minecraft:egg":8,"minecraft:diorite":8,"minecraft:stone_pickaxe":560,"minecraft:oak_planks":1,"occultism:datura_seeds":5,"minecraft:blackstone":4,"minecraft:wooden_pickaxe":36,"minecraft:composter":1,"minecraft:sugar_cane":10,"minecraft:diamond_axe":587,"toughasnails:water_canteen":281,"minecraft:oak_leaves":8,"minecraft:blast_furnace":2,"cobblemon:yellow_apricorn_seed":3,"minecraft:shears":94,"rechiseled:spruce_planks_mosaic":3,"cobblemon:green_apricorn_seed":4,"cobblemon:apricorn_log":5,"minecraft:bread":110,"tombstone:grave_key":1,"minecraft:gravel":3,"minecraft:wooden_sword":39,"cobblemon:red_apricorn_seed":2,"minecraft:andesite":4,"minecraft:oak_boat":3,"minecraft:bone_meal":15,"minecraft:stone_sword":314,"minecraft:stone_shovel":930,"minecraft:spruce_planks":4,"minecraft:wooden_shovel":7,"toughasnails:leaf_boots":1,"minecraft:orange_bed":5,"minecraft:torch":136,"minecraft:dirt":980,"warhammersmod:hammer_iron":2,"toughasnails:empty_canteen":25,"minecraft:golden_shovel":33,"fabledweaponry:mace_iron":1,"minecraft:granite":11,"minecraft:wooden_axe":18,"minecraft:chipped_anvil":1,"cobblemon:pink_apricorn_seed":2,"minecraft:iron_boots":1,"cobblemon:pc":1,"minecraft:light_gray_wool":4,"minecraft:basalt":5,"tombstone:gift":3,"rechiseled:stone_small_bricks_connecting":1,"minecraft:wheat_seeds":7,"toughasnails:leaf_leggings":1,"minecraft:glass_bottle":5,"minecraft:stonecutter":1,"minecraft:crafting_table":18,"cobblemon:black_apricorn_seed":1,"botania:light_blue_mystical_flower":1,"minecraft:white_bed":1,"cobblemon:white_apricorn_seed":2,"cobblemon:healing_machine":1,"justhammers:iron_hammer":176,"minecraft:wooden_hoe":73,"fabledweaponry:maul_stone":1,"minecraft:iron_pickaxe":449,"toughasnails:leaf_chestplate":1,"minecraft:stone_axe":89,"ad_astra:sky_stone":7,"minecraft:pink_petals":266,"minecraft:cobblestone":163,"minecraft:potion":1,"toughasnails:purified_water_bottle":6,"minecraft:dandelion":3},"minecraft:broken":{"minecraft:iron_shovel":16,"toughasnails:leaf_boots":2,"toughasnails:leaf_chestplate":2,"minecraft:golden_shovel":1,"minecraft:stone_pickaxe":4,"minecraft:wooden_sword":1,"minecraft:stone_shovel":7,"toughasnails:leaf_leggings":2,"justhammers:iron_hammer":1,"toughasnails:water_canteen":24,"minecraft:wooden_pickaxe":1,"minecraft:iron_pickaxe":1,"toughasnails:leaf_helmet":2,"minecraft:wooden_hoe":1},"minecraft:dropped":{"botania:red_mystical_flower":9,"cobblemon:verdant_ball":8,"minecraft:leather_helmet":2,"minecraft:dirt":48,"cobblemon:poke_ball":28,"botania:green_mystical_flower":10,"farmersdelight:onion":7,"sereneseasons:calendar":1,"cobblemon:ultra_ball":10,"minecraft:rotten_flesh":3,"botania:blue_mystical_flower":10,"minecraft:arrow":1,"minecraft:beef":1,"minecraft:oak_leaves":10,"minecraft:enchanted_book":1,"minecraft:bread":26,"toughasnails:water_canteen":4,"botania:yellow_mystical_flower":10,"minecraft:wheat_seeds":24,"minecraft:feather":1,"minecraft:cobblestone":33,"minecraft:apple":2,"botania:light_blue_mystical_flower":6,"cobblemon:apricorn_log":10,"minecraft:diorite":2,"toughasnails:leaf_boots":1,"tombstone:grave_dust":1,"toughasnails:leaf_helmet":1,"toughasnails:leaf_leggings":2,"minecraft:orange_bed":1,"minecraft:string":4,"minecraft:pink_petals":36,"minecraft:furnace":1,"minecraft:kelp":14,"minecraft:soul_soil":1,"toughasnails:leaf_chestplate":1,"minecraft:raw_copper":64,"cobblemon:azure_ball":6,"minecraft:chicken":1,"rechiseled:spruce_planks_mosaic":1,"minecraft:potato":2,"botania:green_double_flower":1,"minecraft:spruce_planks":9,"minecraft:wooden_pickaxe":1,"minecraft:magma_block":6},"minecraft:killed_by":{"naturalist:rattlesnake":1,"minecraft:creeper":7,"artifacts:mimic":1,"minecraft:player":2,"minecraft:spider":1,"minecraft:skeleton":5}},"DataVersion":3465}