{
  "minecraft:recipes/decorations/ladder": {
    "criteria": {
      "has_stick": "2024-06-21 04:58:56 +0000"
    },
    "done": true
  },
  "mutantmonsters:root": {
    "criteria": {
      "killed_something": "2024-06-21 05:03:11 +0000"
    },
    "done": true
  },
  "cobblemon:recipes/blocks/healing_machine": {
    "criteria": {
      "has_copper_ingot": "2024-06-21 05:04:24 +0000"
    },
    "done": true
  },
  "connectedglass:recipes/misc/borderless_glass_pink_pane2": {
    "criteria": {
      "recipe_condition2": "2024-06-21 05:08:56 +0000"
    },
    "done": true
  },
  "minecraft:recipes/food/cooked_mutton_from_smoking": {
    "criteria": {
      "has_mutton": "2024-06-21 05:03:12 +0000"
    },
    "done": true
  },
  "paraglider:root": {
    "criteria": {
      "crafting_table": "2024-06-21 05:07:12 +0000"
    },
    "done": true
  },
  "minecraft:story/mine_stone": {
    "criteria": {
      "get_stone": "2024-06-21 05:15:29 +0000"
    },
    "done": true
  },
  "minecraft:recipes/decorations/furnace": {
    "criteria": {
      "has_cobblestone": "2024-06-21 05:15:29 +0000"
    },
    "done": true
  },
  "minecraft:recipes/decorations/cherry_fence": {
    "criteria": {
      "has_planks": "2024-06-21 05:09:36 +0000"
    },
    "done": true
  },
  "minecraft:recipes/tools/wooden_axe": {
    "criteria": {
      "has_stick": "2024-06-21 04:58:56 +0000"
    },
    "done": true
  },
  "minecraft:recipes/misc/magenta_dye_from_blue_red_pink": {
    "criteria": {
      "has_pink_dye": "2024-06-21 05:08:56 +0000"
    },
    "done": true
  },
  "minecraft:recipes/decorations/pink_candle": {
    "criteria": {
      "has_pink_dye": "2024-06-21 05:08:56 +0000"
    },
    "done": true
  },
  "minecraft:recipes/decorations/crafting_table": {
    "criteria": {
      "unlock_right_away": "2024-06-21 04:51:32 +0000"
    },
    "done": true
  },
  "minecraft:recipes/decorations/chest": {
    "criteria": {
      "has_lots_of_items": "2024-06-21 05:03:04 +0000"
    },
    "done": true
  },
  "minecraft:recipes/misc/stick": {
    "criteria": {
      "has_planks": "2024-06-21 05:09:36 +0000"
    },
    "done": true
  },
  "cobblemon:root": {
    "criteria": {
      "picked_starter": "2024-06-21 04:57:40 +0000"
    },
    "done": true
  },
  "botania:recipes/redstone/red_string_container": {
    "criteria": {
      "has_base_block": "2024-06-21 05:09:45 +0000"
    },
    "done": true
  },
  "naturalist:recipes/food/cooked_egg": {
    "criteria": {
      "has_eggs": "2024-06-21 04:55:24 +0000"
    },
    "done": true
  },
  "minecraft:recipes/building_blocks/dye_pink_bed": {
    "criteria": {
      "has_needed_dye": "2024-06-21 05:08:56 +0000"
    },
    "done": true
  },
  "minecraft:recipes/misc/magenta_dye_from_purple_and_pink": {
    "criteria": {
      "has_pink_dye": "2024-06-21 05:08:56 +0000"
    },
    "done": true
  },
  "minecraft:adventure/sleep_in_bed": {
    "criteria": {
      "slept_in_bed": "2024-06-21 04:59:53 +0000"
    },
    "done": true
  },
  "minecraft:recipes/building_blocks/cobblestone_slab_from_cobblestone_stonecutting": {
    "criteria": {
      "has_cobblestone": "2024-06-21 05:15:29 +0000"
    },
    "done": true
  },
  "minecraft:recipes/redstone/lightning_rod": {
    "criteria": {
      "has_copper_ingot": "2024-06-21 05:04:24 +0000"
    },
    "done": true
  },
  "minecraft:recipes/building_blocks/cherry_planks": {
    "criteria": {
      "has_log": "2024-06-21 04:58:00 +0000"
    },
    "done": true
  },
  "occultism:recipes/food/crafting/demons_dream_essence_from_seeds": {
    "criteria": {
      "has_datura": "2024-06-21 05:03:04 +0000"
    },
    "done": true
  },
  "minecraft:recipes/building_blocks/stone": {
    "criteria": {
      "has_cobblestone": "2024-06-21 05:15:29 +0000"
    },
    "done": true
  },
  "toughasnails:recipes/combat/wool_helmet": {
    "criteria": {
      "has_wool": "2024-06-21 05:03:12 +0000"
    },
    "done": true
  },
  "vampirism:recipes/decorations/general/tombstone2": {
    "criteria": {
      "has_coble": "2024-06-21 05:15:29 +0000"
    },
    "done": true
  },
  "minecraft:recipes/building_blocks/copper_block": {
    "criteria": {
      "has_copper_ingot": "2024-06-21 05:04:24 +0000"
    },
    "done": true
  },
  "occultism:recipes/misc/crafting/dictionary_of_spirits": {
    "criteria": {
      "has_datura": "2024-06-21 05:03:04 +0000"
    },
    "done": true
  },
  "vampirism:recipes/decorations/general/throne": {
    "criteria": {
      "has_stick": "2024-06-21 04:58:56 +0000"
    },
    "done": true
  },
  "vampirism:recipes/decorations/general/fire_place": {
    "criteria": {
      "has_logs": "2024-06-21 04:58:00 +0000"
    },
    "done": true
  },
  "minecraft:recipes/misc/copper_ingot_from_blasting_raw_copper": {
    "criteria": {
      "has_the_recipe": "2024-06-21 05:04:24 +0000"
    },
    "done": true
  },
  "farmersdelight:recipes/food/roasted_mutton_chops": {
    "criteria": {
      "has_mutton": "2024-06-21 05:05:52 +0000"
    },
    "done": true
  },
  "minecraft:recipes/tools/brush": {
    "criteria": {
      "has_copper_ingot": "2024-06-21 05:04:24 +0000"
    },
    "done": true
  },
  "minecraft:recipes/tools/stone_pickaxe": {
    "criteria": {
      "has_cobblestone": "2024-06-21 05:15:29 +0000"
    },
    "done": true
  },
  "sophisticatedstorage:recipes/misc/cherry_chest": {
    "criteria": {
      "has_cherry_plank": "2024-06-21 05:09:36 +0000"
    },
    "done": true
  },
  "minecraft:recipes/decorations/cherry_sign": {
    "criteria": {
      "has_planks": "2024-06-21 05:09:36 +0000"
    },
    "done": true
  },
  "minecraft:recipes/decorations/campfire": {
    "criteria": {
      "has_stick": "2024-06-21 04:58:56 +0000"
    },
    "done": true
  },
  "minecraft:recipes/tools/wooden_hoe": {
    "criteria": {
      "has_stick": "2024-06-21 04:58:56 +0000"
    },
    "done": true
  },
  "botania:recipes/tools/lexicon": {
    "criteria": {
      "has_item": "2024-06-21 04:58:51 +0000"
    },
    "done": true
  },
  "vampirism:recipes/decorations/vampire/coffin_pink_from_white": {
    "criteria": {
      "has_dye": "2024-06-21 05:08:56 +0000"
    },
    "done": true
  },
  "minecraft:recipes/misc/charcoal": {
    "criteria": {
      "has_log": "2024-06-21 04:58:00 +0000"
    },
    "done": true
  },
  "minecraft:recipes/redstone/cherry_pressure_plate": {
    "criteria": {
      "has_planks": "2024-06-21 05:09:36 +0000"
    },
    "done": true
  },
  "occultism:recipes/misc/crafting/brush": {
    "criteria": {
      "has_wool": "2024-06-21 05:03:12 +0000"
    },
    "done": true
  },
  "minecraft:recipes/tools/wooden_shovel": {
    "criteria": {
      "has_stick": "2024-06-21 04:58:56 +0000"
    },
    "done": true
  },
  "minecraft:recipes/building_blocks/cobblestone_slab": {
    "criteria": {
      "has_cobblestone": "2024-06-21 05:15:29 +0000"
    },
    "done": true
  },
  "cobblemon:recipes/held/silk_scarf": {
    "criteria": {
      "has_wool": "2024-06-21 05:03:12 +0000"
    },
    "done": true
  },
  "sophisticatedstorage:recipes/misc/oak_chest_from_vanilla_chest": {
    "criteria": {
      "has_vanilla_chest": "2024-06-21 05:09:45 +0000"
    },
    "done": true
  },
  "paraglider:recipes/misc/paraglider": {
    "criteria": {
      "has_stick": "2024-06-21 04:58:56 +0000"
    },
    "done": true
  },
  "minecraft:adventure/root": {
    "criteria": {
      "killed_something": "2024-06-21 05:03:11 +0000"
    },
    "done": true
  },
  "vampirism:recipes/combat/hunter/crucifix": {
    "criteria": {
      "stick": "2024-06-21 04:58:56 +0000"
    },
    "done": true
  },
  "mca:recipes/building_blocks/headstones": {
    "criteria": {
      "has_ingredients": "2024-06-21 05:15:29 +0000"
    },
    "done": true
  },
  "minecraft:recipes/combat/wooden_sword": {
    "criteria": {
      "has_stick": "2024-06-21 04:58:56 +0000"
    },
    "done": true
  },
  "mca:recipes/misc/bouquet": {
    "criteria": {
      "has_item": "2024-06-21 05:03:02 +0000"
    },
    "done": true
  },
  "farmersdelight:recipes/food/shepherds_pie_block": {
    "criteria": {
      "has_cooked_mutton": "2024-06-21 05:05:52 +0000"
    },
    "done": true
  },
  "minecraft:recipes/decorations/barrel": {
    "criteria": {
      "has_planks": "2024-06-21 05:09:36 +0000"
    },
    "done": true
  },
  "minecraft:recipes/decorations/cobblestone_wall_from_cobblestone_stonecutting": {
    "criteria": {
      "has_cobblestone": "2024-06-21 05:15:29 +0000"
    },
    "done": true
  },
  "minecraft:recipes/decorations/white_bed": {
    "criteria": {
      "has_white_wool": "2024-06-21 05:03:12 +0000"
    },
    "done": true
  },
  "toughasnails:recipes/decorations/water_purifier": {
    "criteria": {
      "has_charcoal": "2024-06-21 05:18:10 +0000"
    },
    "done": true
  },
  "minecraft:recipes/building_blocks/cobblestone_stairs": {
    "criteria": {
      "has_cobblestone": "2024-06-21 05:15:29 +0000"
    },
    "done": true
  },
  "minecraft:recipes/redstone/cherry_door": {
    "criteria": {
      "has_planks": "2024-06-21 05:09:36 +0000"
    },
    "done": true
  },
  "aquamirae:adventure/root": {
    "criteria": {
      "crafting_table": "2024-06-21 05:07:12 +0000"
    },
    "done": true
  },
  "sophisticatedstorage:recipes/misc/cherry_limited_barrel_1": {
    "criteria": {
      "has_cherry_plank": "2024-06-21 05:09:36 +0000"
    },
    "done": true
  },
  "sophisticatedstorage:recipes/misc/cherry_limited_barrel_3": {
    "criteria": {
      "has_cherry_plank": "2024-06-21 05:09:36 +0000"
    },
    "done": true
  },
  "sophisticatedstorage:recipes/misc/cherry_limited_barrel_2": {
    "criteria": {
      "has_cherry_plank": "2024-06-21 05:09:36 +0000"
    },
    "done": true
  },
  "sophisticatedstorage:recipes/misc/cherry_limited_barrel_4": {
    "criteria": {
      "has_cherry_plank": "2024-06-21 05:09:36 +0000"
    },
    "done": true
  },
  "minecraft:recipes/tools/stone_shovel": {
    "criteria": {
      "has_cobblestone": "2024-06-21 05:15:29 +0000"
    },
    "done": true
  },
  "tombstone:adventure/root": {
    "criteria": {
      "auto": "2024-06-21 04:51:33 +0000"
    },
    "done": true
  },
  "toughasnails:recipes/combat/wool_leggings": {
    "criteria": {
      "has_wool": "2024-06-21 05:03:12 +0000"
    },
    "done": true
  },
  "toughasnails:recipes/combat/wool_chestplate": {
    "criteria": {
      "has_wool": "2024-06-21 05:03:12 +0000"
    },
    "done": true
  },
  "vampirism:recipes/decorations/vampire/coffin_white": {
    "criteria": {
      "has_wool": "2024-06-21 05:03:12 +0000"
    },
    "done": true
  },
  "connectedglass:recipes/misc/tinted_borderless_glass_pink2": {
    "criteria": {
      "recipe_condition2": "2024-06-21 05:08:56 +0000"
    },
    "done": true
  },
  "vampirism:recipes/decorations/item_tent": {
    "criteria": {
      "has_wool": "2024-06-21 05:03:12 +0000"
    },
    "done": true
  },
  "minecraft:recipes/redstone/lever": {
    "criteria": {
      "has_cobblestone": "2024-06-21 05:15:29 +0000"
    },
    "done": true
  },
  "minecraft:recipes/misc/pink_dye_from_pink_petals": {
    "criteria": {
      "has_pink_petals": "2024-06-21 05:07:42 +0000"
    },
    "done": true
  },
  "vampirism:recipes/decorations/general/grave_cage": {
    "criteria": {
      "has_coal": "2024-06-21 05:05:21 +0000"
    },
    "done": true
  },
  "minecraft:unlock_deep_pockets_book": {
    "criteria": {
      "exists": "2024-06-21 04:51:32 +0000"
    },
    "done": true
  },
  "minecraft:recipes/building_blocks/cherry_slab": {
    "criteria": {
      "has_planks": "2024-06-21 05:09:36 +0000"
    },
    "done": true
  },
  "vampirism:recipes/combat/hunter/stake": {
    "criteria": {
      "has_sticks": "2024-06-21 04:58:56 +0000"
    },
    "done": true
  },
  "minecraft:recipes/combat/stone_sword": {
    "criteria": {
      "has_cobblestone": "2024-06-21 05:15:29 +0000"
    },
    "done": true
  },
  "minecraft:recipes/decorations/cobblestone_wall": {
    "criteria": {
      "has_cobblestone": "2024-06-21 05:15:29 +0000"
    },
    "done": true
  },
  "connectedglass:recipes/misc/clear_glass_pink_pane2": {
    "criteria": {
      "recipe_condition2": "2024-06-21 05:08:56 +0000"
    },
    "done": true
  },
  "minecraft:recipes/tools/stone_axe": {
    "criteria": {
      "has_cobblestone": "2024-06-21 05:15:29 +0000"
    },
    "done": true
  },
  "farmersdelight:recipes/combat/flint_knife": {
    "criteria": {
      "has_stick": "2024-06-21 04:58:56 +0000"
    },
    "done": true
  },
  "immersive_armors:recipes/misc/wooden": {
    "criteria": {
      "has_item": "2024-06-21 04:58:00 +0000"
    },
    "done": true
  },
  "theurgy:book_root": {
    "criteria": {
      "theurgy_present": "2024-06-21 04:51:32 +0000"
    },
    "done": true
  },
  "minecraft:recipes/decorations/painting": {
    "criteria": {
      "has_wool": "2024-06-21 05:03:12 +0000"
    },
    "done": true
  },
  "minecraft:recipes/building_blocks/cherry_stairs": {
    "criteria": {
      "has_planks": "2024-06-21 05:09:36 +0000"
    },
    "done": true
  },
  "minecraft:recipes/decorations/smoker": {
    "criteria": {
      "has_furnace": "2024-06-21 05:06:03 +0000"
    },
    "done": true
  },
  "minecraft:recipes/building_blocks/dye_pink_wool": {
    "criteria": {
      "has_needed_dye": "2024-06-21 05:08:56 +0000"
    },
    "done": true
  },
  "minecraft:recipes/redstone/cherry_trapdoor": {
    "criteria": {
      "has_planks": "2024-06-21 05:09:36 +0000"
    },
    "done": true
  },
  "minecraft:recipes/redstone/cherry_button": {
    "criteria": {
      "has_planks": "2024-06-21 05:09:36 +0000"
    },
    "done": true
  },
  "jeg:recipes/jeg/workbench": {
    "criteria": {
      "has_sticks": "2024-06-21 04:58:56 +0000"
    },
    "done": true
  },
  "sophisticatedstorage:recipes/misc/cherry_barrel": {
    "criteria": {
      "has_cherry_plank": "2024-06-21 05:09:36 +0000"
    },
    "done": true
  },
  "minecraft:recipes/misc/bone_meal": {
    "criteria": {
      "has_bone": "2024-06-21 05:03:16 +0000"
    },
    "done": true
  },
  "vampirism:recipes/combat/hunter/crossbow_arrow_from_vanilla": {
    "criteria": {
      "has_arrow": "2024-06-21 05:03:16 +0000"
    },
    "done": true
  },
  "vampirism:recipes/decorations/vampire/altar_inspiration": {
    "criteria": {
      "has_planks": "2024-06-21 05:09:36 +0000"
    },
    "done": true
  },
  "connectedglass:recipes/misc/scratched_glass_pink_pane2": {
    "criteria": {
      "recipe_condition2": "2024-06-21 05:08:56 +0000"
    },
    "done": true
  },
  "connectedglass:recipes/misc/clear_glass_pink2": {
    "criteria": {
      "recipe_condition2": "2024-06-21 05:08:56 +0000"
    },
    "done": true
  },
  "minecraft:recipes/building_blocks/dye_pink_carpet": {
    "criteria": {
      "has_needed_dye": "2024-06-21 05:08:56 +0000"
    },
    "done": true
  },
  "minecraft:husbandry/root": {
    "criteria": {
      "consumed_item": "2024-06-21 05:05:55 +0000"
    },
    "done": true
  },
  "minecraft:recipes/building_blocks/cherry_wood": {
    "criteria": {
      "has_log": "2024-06-21 04:58:00 +0000"
    },
    "done": true
  },
  "minecraft:recipes/decorations/white_carpet": {
    "criteria": {
      "has_white_wool": "2024-06-21 05:03:12 +0000"
    },
    "done": true
  },
  "minecraft:recipes/decorations/pink_stained_glass_pane_from_glass_pane": {
    "criteria": {
      "has_pink_dye": "2024-06-21 05:08:56 +0000"
    },
    "done": true
  },
  "minecraft:recipes/building_blocks/coal_block": {
    "criteria": {
      "has_coal": "2024-06-21 05:05:21 +0000"
    },
    "done": true
  },
  "minecraft:recipes/building_blocks/dye_pink_sleeping_bag": {
    "criteria": {
      "has_needed_dye": "2024-06-21 05:08:56 +0000"
    },
    "done": true
  },
  "minecraft:recipes/decorations/torch": {
    "criteria": {
      "has_stone_pickaxe": "2024-06-21 05:15:40 +0000"
    },
    "done": true
  },
  "connectedglass:recipes/misc/borderless_glass_pink2": {
    "criteria": {
      "recipe_condition2": "2024-06-21 05:08:56 +0000"
    },
    "done": true
  },
  "minecraft:recipes/misc/light_gray_dye_from_azure_bluet": {
    "criteria": {
      "has_azure_bluet": "2024-06-21 05:03:02 +0000"
    },
    "done": true
  },
  "minecraft:recipes/redstone/cherry_fence_gate": {
    "criteria": {
      "has_planks": "2024-06-21 05:09:36 +0000"
    },
    "done": true
  },
  "toughasnails:recipes/combat/wool_boots": {
    "criteria": {
      "has_wool": "2024-06-21 05:03:12 +0000"
    },
    "done": true
  },
  "immersive_armors:recipes/misc/robe": {
    "criteria": {
      "has_item": "2024-06-21 05:03:12 +0000"
    },
    "done": true
  },
  "minecraft:recipes/food/cooked_mutton": {
    "criteria": {
      "has_mutton": "2024-06-21 05:03:12 +0000"
    },
    "done": true
  },
  "vampirism:recipes/decorations/hunter/cross": {
    "criteria": {
      "has_planks": "2024-06-21 05:09:36 +0000"
    },
    "done": true
  },
  "connectedglass:recipes/misc/scratched_glass_pink2": {
    "criteria": {
      "recipe_condition2": "2024-06-21 05:08:56 +0000"
    },
    "done": true
  },
  "minecraft:recipes/decorations/white_banner": {
    "criteria": {
      "has_white_wool": "2024-06-21 05:03:12 +0000"
    },
    "done": true
  },
  "minecraft:recipes/tools/wooden_pickaxe": {
    "criteria": {
      "has_stick": "2024-06-21 04:58:56 +0000"
    },
    "done": true
  },
  "farmersdelight:main/root": {
    "criteria": {
      "seeds": "2024-06-21 04:55:24 +0000"
    },
    "done": true
  },
  "vampirism:recipes/decorations/bat_cage": {
    "criteria": {
      "has_planks": "2024-06-21 05:09:36 +0000"
    },
    "done": true
  },
  "minecraft:story/upgrade_tools": {
    "criteria": {
      "stone_pickaxe": "2024-06-21 05:15:40 +0000"
    },
    "done": true
  },
  "farmersdelight:recipes/cooking/bone_broth": {
    "criteria": {
      "has_bone": "2024-06-21 05:03:16 +0000"
    },
    "done": true
  },
  "minecraft:recipes/food/cooked_mutton_from_campfire_cooking": {
    "criteria": {
      "has_mutton": "2024-06-21 05:03:12 +0000"
    },
    "done": true
  },
  "farmersdelight:recipes/cooking/pasta_with_mutton_chop": {
    "criteria": {
      "has_any_ingredient": "2024-06-21 05:03:12 +0000"
    },
    "done": true
  },
  "vampirism:recipes/combat/alchemy_table": {
    "criteria": {
      "has_planks": "2024-06-21 05:09:36 +0000"
    },
    "done": true
  },
  "immersive_armors:recipes/misc/bone": {
    "criteria": {
      "has_item": "2024-06-21 05:03:16 +0000"
    },
    "done": true
  },
  "farmersdelight:recipes/food/mutton_wrap": {
    "criteria": {
      "has_mutton": "2024-06-21 05:05:52 +0000"
    },
    "done": true
  },
  "vampirism:recipes/alchemy_table/alchemy_table/plant_oil": {
    "criteria": {
      "has_wheat_seeds": "2024-06-21 04:58:59 +0000"
    },
    "done": true
  },
  "minecraft:adventure/adventuring_time": {
    "criteria": {
      "minecraft:cherry_grove": "2024-06-21 04:54:58 +0000",
      "minecraft:meadow": "2024-06-21 04:55:32 +0000",
      "minecraft:plains": "2024-06-21 04:51:33 +0000"
    },
    "done": false
  },
  "minecraft:recipes/building_blocks/cobblestone_stairs_from_cobblestone_stonecutting": {
    "criteria": {
      "has_cobblestone": "2024-06-21 05:15:29 +0000"
    },
    "done": true
  },
  "farmersdelight:recipes/decorations/cutting_board": {
    "criteria": {
      "has_stick": "2024-06-21 04:58:56 +0000"
    },
    "done": true
  },
  "minecraft:husbandry/balanced_diet": {
    "criteria": {
      "cooked_mutton": "2024-06-21 05:05:55 +0000"
    },
    "done": false
  },
  "occultism:occultism/root": {
    "criteria": {
      "occultism_present": "2024-06-21 04:51:32 +0000"
    },
    "done": true
  },
  "vampirism:recipes/decorations/general/vampire_rack": {
    "criteria": {
      "has_planks": "2024-06-21 05:09:36 +0000"
    },
    "done": true
  },
  "minecraft:recipes/tools/stone_hoe": {
    "criteria": {
      "has_cobblestone": "2024-06-21 05:15:29 +0000"
    },
    "done": true
  },
  "occultism:recipes/crushing/crushing/copper_dust_from_ingot": {
    "criteria": {
      "has_copper_ingot": "2024-06-21 05:04:24 +0000"
    },
    "done": true
  },
  "minecraft:story/root": {
    "criteria": {
      "crafting_table": "2024-06-21 05:07:12 +0000"
    },
    "done": true
  },
  "vampirism:recipes/decorations/general/altar_cleansing": {
    "criteria": {
      "has_vampire_book": "2024-06-21 05:09:36 +0000"
    },
    "done": true
  },
  "DataVersion": 3465
}